address	direction	pc	first	last	count
0x60031204	wr	0x420399f8	0x00029de5	0x00029de5	1
0x600312c4	rd	0x420399fe	0x00000000	0x00000000	1
0x600312c4	wr	0x42039a08	0x00000001	0x00000001	1
0x60031208	wr	0x42039a5c	0x04029e3e	0x04029e3e	1
0x600312c4	rd	0x42039a62	0x00000001	0x00000001	1
0x600312c4	wr	0x42039a6c	0x00000003	0x00000003	1
0x6003120c	wr	0x42039ac2	0x0c029f5f	0x0c029f5f	1
0x600312c4	rd	0x42039ac8	0x00000003	0x00000003	1
0x600312c4	wr	0x42039ad2	0x00000007	0x00000007	1
0x60031210	wr	0x42039b24	0x1002a000	0x1002a000	1
0x600312c4	rd	0x42039b2a	0x00000007	0x00000007	1
0x600312c4	wr	0x42039b34	0x0000000f	0x0000000f	1
0x60031214	wr	0x42039b8a	0x1402a037	0x1402a037	1
0x600312c4	rd	0x42039b90	0x0000000f	0x0000000f	1
0x600312c4	wr	0x42039b9a	0x0000001f	0x0000001f	1
0x60031218	wr	0x42039bf0	0x1c02a178	0x1c02a178	1
0x600312c4	rd	0x42039bf6	0x0000001f	0x0000001f	1
0x600312c4	wr	0x42039c00	0x0000003f	0x0000003f	1
0x6003121c	wr	0x42039c52	0x2002a209	0x2002a209	1
0x600312c4	rd	0x42039c58	0x0000003f	0x0000003f	1
0x600312c4	wr	0x42039c64	0x0000007f	0x0000007f	1
0x60031220	wr	0x42039ca4	0x24000000	0x24000000	1
0x600312c4	rd	0x42039cac	0x0000007f	0x0000007f	10
0x600312c4	wr	0x42039cbc	0x0000007f	0x0000007f	10
0x60031224	wr	0x42039ca4	0x2c000000	0x2c000000	1
0x60031228	wr	0x42039ca4	0x34000000	0x34000000	1
0x6003122c	wr	0x42039ca4	0x3c000000	0x3c000000	1
0x60031230	wr	0x42039ca4	0x44000000	0x44000000	1
0x60031234	wr	0x42039ca4	0x4c000000	0x4c000000	1
0x60031238	wr	0x42039ca4	0x54000000	0x54000000	1
0x6003123c	wr	0x42039ca4	0x5c000000	0x5c000000	1
0x60031240	wr	0x42039ca4	0x64000000	0x64000000	1
0x60031244	wr	0x42039ca4	0x6c000000	0x6c000000	1
0x60031248	wr	0x42039d24	0x7402a2ca	0x7402a2ca	1
0x600312c4	rd	0x42039d2a	0x0000007f	0x0000007f	1
0x600312c4	wr	0x42039d3e	0x0002007f	0x0002007f	1
0x6003124c	wr	0x42039da6	0x7802a2e8	0x7802a2e8	1
0x600312c4	rd	0x42039dac	0x0002007f	0x03fe007f	9
0x600312c4	wr	0x42039dc0	0x0006007f	0x07fe007f	9
0x60031250	wr	0x42039da6	0x7c02a331	0x7c02a331	1
0x60031254	wr	0x42039da6	0x8002a37a	0x8002a37a	1
0x60031258	wr	0x42039da6	0x8402a3c3	0x8402a3c3	1
0x6003125c	wr	0x42039da6	0x8802a40c	0x8802a40c	1
0x60031260	wr	0x42039da6	0x8c02a455	0x8c02a455	1
0x60031264	wr	0x42039da6	0x9002a49e	0x9002a49e	1
0x60031268	wr	0x42039da6	0x9402a4e7	0x9402a4e7	1
0x6003126c	wr	0x42039da6	0x9802a530	0x9802a530	1
0x60031270	wr	0x42039f3e	0x9c000000	0x9c000000	1
0x600312c4	rd	0x42039f4e	0x07fe007f	0x07fe007f	5
0x600312c4	wr	0x42039f5c	0x07fe007f	0x07fe007f	5
0x60031274	wr	0x42039f3e	0xa0000000	0xa0000000	1
0x60031278	wr	0x42039f3e	0xa4000000	0xa4000000	1
0x6003127c	wr	0x42039f3e	0xa8000000	0xa8000000	1
0x60031280	wr	0x42039f3e	0xac000000	0xac000000	1
0x60031284	wr	0x42039f3e	0xb0000000	0xb0000000	1
0x600312c8	rd	0x42039f6a	0x00000000	0x00000000	7
0x600312c8	wr	0x42039f5c	0x00000000	0x00000000	7
0x60031288	wr	0x42039f3e	0xb4000000	0xb4000000	1
0x6003128c	wr	0x42039f3e	0xb8000000	0xb8000000	1
0x60031290	wr	0x42039f3e	0xbc000000	0xbc000000	1
0x60031294	wr	0x42039f3e	0xc0000000	0xc0000000	1
0x60031298	wr	0x42039f3e	0xc4000000	0xc4000000	1
0x6003129c	wr	0x42039f3e	0xc8000000	0xc8000000	1
0x600312a0	wr	0x42039ed6	0xcc000000	0xcc000000	1
0x600312c8	rd	0x42039edc	0x00000000	0x00000000	1
0x600312c8	wr	0x42039ee4	0x00000000	0x00000000	1
0x60031204	rd	0x400069f6	0x00029de5	0x00029de5	75
0x60031204	rd	0x40006a68	0x00029de5	0x00029de5	75
0x60031078	rd	0x42047b78	0x00000000	0x00000000	1
0x60031078	wr	0x42047b82	0x00000100	0x00000100	1
0x60031074	rd	0x4203942e	0x00000000	0x00001020	2
0x60031074	wr	0x4203943c	0x00000000	0x00001020	2
0x60031080	rd	0x42039442	0x00000000	0x00640064	2
0x60031080	wr	0x42039454	0x00000064	0x00640064	2
0x60031080	rd	0x42039456	0x00000064	0x00640064	2
0x60031080	wr	0x42039462	0x00640064	0x00640064	2
0x60031084	rd	0x42039468	0x00000000	0x00640064	2
0x60031084	wr	0x42039478	0x00000064	0x00640064	2
0x60031084	rd	0x4203947a	0x00000064	0x00640064	2
0x60031084	wr	0x42039484	0x00640064	0x00640064	2
0x60031088	rd	0x4203948a	0x00000000	0x00640064	2
0x60031088	wr	0x42039494	0x00000064	0x00640064	2
0x60031088	rd	0x42039496	0x00000064	0x00640064	2
0x60031088	wr	0x4203949c	0x00640064	0x00640064	2
0x6003108c	rd	0x420394a2	0x00000000	0x00640064	2
0x6003108c	wr	0x420394ac	0x00000064	0x00640064	2
0x6003108c	rd	0x420394ae	0x00000064	0x00640064	2
0x6003108c	wr	0x420394b4	0x00640064	0x00640064	2
0x60031090	rd	0x420394ba	0x00000000	0x0000000d	2
0x60031090	wr	0x420394cc	0x0000000d	0x0000000d	2
0x60031094	rd	0x420394ce	0x00000000	0x00020202	2
0x60031094	wr	0x420394dc	0x0000000d	0x0002020d	2
0x60031098	rd	0x420394de	0x00000000	0x0f020202	2
0x60031098	wr	0x420394e8	0x0000000d	0x0f02020d	2
0x6003109c	rd	0x420394ea	0x00000000	0x0f020202	2
0x6003109c	wr	0x420394f4	0x0000000d	0x0f02020d	2
0x60031000	rd	0x420394f6	0x00000000	0x0000000f	2
0x60031000	wr	0x420394fc	0x0000000f	0x0000000f	2
0x600310e0	rd	0x420394fe	0x00000000	0x01be00fa	2
0x600310e0	wr	0x4203950c	0x01be0000	0x01be00fa	2
0x600310e0	rd	0x4203950e	0x01be0000	0x01be00fa	2
0x600310e0	wr	0x42039518	0x01be00fa	0x01be00fa	2
0x60031070	wr	0x4203951a	0x00000000	0x00000000	2
0x60031074	rd	0x4203951e	0x00000000	0x00001020	2
0x60031074	wr	0x42039528	0x00001020	0x00001020	2
0x60031078	wr	0x42039532	0x0cc00100	0x0cc00100	2
0x60031078	rd	0x42039534	0x0cc00100	0x0cc00100	2
0x60031078	wr	0x42039542	0x0cc10100	0x0cc10100	2
0x60031094	wr	0x4203954c	0x00020202	0x00020202	2
0x60031098	wr	0x42039556	0x0f020202	0x0f020202	2
0x6003109c	wr	0x42039558	0x0f020202	0x0f020202	2
0x60011050	rd	0x42039566	0x00000000	0x000002d0	2
0x60011050	wr	0x4203957a	0x000002d0	0x000002d0	2
0x60011868	rd	0x4203960a	0x00000000	0x0000000a	2
0x60011868	wr	0x42039614	0x00000000	0x0000000a	2
0x6003101c	rd	0x4002ee60	0x00000000	0x00000338	8
0x6003101c	wr	0x4002ee72	0x80000000	0x80000338	8
0x6003101c	rd	0x4002ee78	0x80000000	0x00000338	421
0x6003101c	rd	0x4002ee8e	0x00000060	0x00000338	8
0x60031020	rd	0x4002ee92	0x00000097	0x00000249	8
0x6003138c	wr	0x42048474	0x00000080	0x00000080	1
0x6003138c	wr	0x4204847a	0x00000100	0x00000100	1
0x6003138c	wr	0x4204847e	0x00001000	0x00001000	1
0x6003100c	rd	0x42048484	0x00000000	0x00000000	1
0x6003100c	wr	0x4204848e	0x00001180	0x00001180	1
0x60031150	rd	0x4002f652	0x00000000	0x000000f3	3
0x60031150	wr	0x4002f65e	0x00000002	0x000000f3	3
0x60031150	rd	0x4002f662	0x00000002	0x000000f3	3
0x60031150	wr	0x4002f670	0x00000003	0x000000f3	3
0x6003115c	wr	0x4002f682	0x8888888f	0x8888888f	3
0x60031160	wr	0x4002f68e	0x00000000	0x00000000	3
0x6001104c	rd	0x4003abc8	0x00000000	0x00000010	2
0x6001104c	wr	0x4003abd2	0x00000010	0x00000010	2
0x60011848	rd	0x4205536a	0x00000000	0x00000000	1
0x60011848	wr	0x4205537c	0x00500000	0x00500000	1
0x60011018	rd	0x42059612	0x00000000	0x00000000	1
0x60011018	wr	0x42059624	0x00002800	0x00002800	1
0x60011018	rd	0x42059626	0x00002800	0x00002800	1
0x60011018	wr	0x42059636	0x20002800	0x20002800	1
0x60011018	rd	0x42059638	0x20002800	0x20002800	1
0x60011018	wr	0x42059648	0x20002801	0x20002801	1
0x60011008	rd	0x4205964a	0x00000000	0x00000000	1
0x60011008	wr	0x42059658	0x00000000	0x00000000	1
0x6001100c	rd	0x4205965a	0x00000000	0x00000000	1
0x6001100c	wr	0x42059668	0x00000100	0x00000100	1
0x60011008	rd	0x4205955c	0x00000000	0x00000000	1
0x60011008	wr	0x42059570	0x02000000	0x02000000	1
0x60011064	rd	0x42058f2e	0x00000000	0x00000000	1
0x60011064	wr	0x42058f40	0x00200000	0x00200000	1
0x60011064	rd	0x42058f42	0x00200000	0x00200000	1
0x60011064	wr	0x42058f50	0x00208000	0x00208000	1
0x60011064	rd	0x42058f52	0x00208000	0x00208000	1
0x60011064	wr	0x42058f64	0x00208900	0x00208900	1
0x60011064	rd	0x42058f66	0x00208900	0x00208900	1
0x60011064	wr	0x42058f76	0x00208904	0x00208904	1
0x60011068	rd	0x42058f78	0x00000000	0x00000000	1
0x60011068	wr	0x42058f86	0x10000000	0x10000000	1
0x60011068	rd	0x42058f88	0x10000000	0x10000000	1
0x60011068	wr	0x42058f92	0x10000060	0x10000060	1
0x60011068	rd	0x42058f94	0x10000060	0x10000060	1
0x60011068	wr	0x42058f9e	0x10d00060	0x10d00060	1
0x60011068	rd	0x42058fa0	0x10d00060	0x10d00060	1
0x60011068	wr	0x42058fb0	0x10da1060	0x10da1060	1
0x60011068	rd	0x42058fb2	0x10da1060	0x10da1060	1
0x60011068	wr	0x42058fb6	0x10da1860	0x10da1860	1
0x60011038	rd	0x42058fbe	0x00000000	0x00000000	1
0x60011038	wr	0x42058fce	0x00000300	0x00000300	1
0x60011024	rd	0x42058fd0	0x00000000	0x00000000	1
0x60011024	wr	0x42058fda	0x30000000	0x30000000	1
0x60011020	rd	0x42058fdc	0x00000000	0x00000000	1
0x60011020	wr	0x42058fea	0x00018000	0x00018000	1
0x60011020	rd	0x42058fec	0x00018000	0x00018000	1
0x60011020	wr	0x42058ffe	0x00019800	0x00019800	1
0x60011020	rd	0x42059000	0x00019800	0x00019800	1
0x60011020	wr	0x4205900a	0x00019806	0x00019806	1
0x60011024	rd	0x4205900c	0x30000000	0x30000000	1
0x60011024	wr	0x42059010	0x30000000	0x30000000	1
0x60011028	rd	0x42059012	0x00000000	0x00000000	1
0x60011028	wr	0x4205901c	0x00000020	0x00000020	1
0x600118ac	rd	0x42059040	0x00000000	0x00000000	1
0x600118ac	wr	0x42059052	0x00031000	0x00031000	1
0x600118a4	rd	0x4205906e	0x00000000	0x00000000	1
0x600118a4	wr	0x42059080	0x0000000f	0x0000000f	1
0x60011888	rd	0x4205908c	0x00000000	0x00000000	1
0x60011888	wr	0x42059098	0x00000000	0x00000000	1
0x600118ac	rd	0x420590b2	0x00031000	0x00031000	1
0x600118ac	wr	0x420590c6	0x00031d80	0x00031d80	1
0x600118a4	rd	0x420590e0	0x0000000f	0x0000000f	1
0x600118a4	wr	0x420590f2	0x0140000f	0x0140000f	1
0x600118a4	rd	0x4205910e	0x0140000f	0x0140000f	1
0x600118a4	wr	0x42059116	0x0145000f	0x0145000f	1
0x600118ac	rd	0x4205912a	0x00031d80	0x00031d80	1
0x600118ac	wr	0x42059136	0x00031db1	0x00031db1	1
0x60011898	rd	0x42059168	0x00000000	0x00000000	1
0x60011898	wr	0x4205917c	0x000001c8	0x000001c8	1
0x6001189c	rd	0x42059196	0x00000000	0x00000000	1
0x6001189c	wr	0x420591aa	0x000001c8	0x000001c8	1
0x60011840	rd	0x420591be	0x00000000	0x00000000	1
0x60011840	wr	0x420591d2	0x00390000	0x00390000	1
0x6001189c	rd	0x420591fa	0x000001c8	0x000001c8	1
0x6001189c	wr	0x42059204	0x000391c8	0x000391c8	1
0x600118b0	rd	0x42059208	0x00000000	0x00000000	1
0x600118b0	wr	0x42059214	0xe4000000	0xe4000000	1
0x600118b0	rd	0x42059218	0xe4000000	0xe4000000	1
0x600118b0	wr	0x42059232	0xe4720000	0xe4720000	1
0x60011898	rd	0x42059250	0x000001c8	0x000001c8	1
0x60011898	wr	0x42059268	0x000019c8	0x000019c8	1
0x6001189c	rd	0x42059284	0x000391c8	0x000391c8	1
0x6001189c	wr	0x42059290	0x003391c8	0x003391c8	1
0x60011894	rd	0x420592a4	0x00000000	0x00000000	1
0x60011894	wr	0x420592ae	0x00720000	0x00720000	1
0x60011894	rd	0x420592be	0x00720000	0x00720000	1
0x60011894	wr	0x420592ca	0xe4720000	0xe4720000	1
0x600118ac	rd	0x420592ee	0x00031db1	0x00031db1	1
0x600118ac	wr	0x42059300	0x006b1db1	0x006b1db1	1
0x600118a0	rd	0x42059318	0x00000000	0x00000000	1
0x600118a0	wr	0x42059326	0x03000000	0x03000000	1
0x600118a8	rd	0x4205932a	0x00000000	0x00000000	1
0x600118a8	wr	0x42059336	0x00100000	0x00100000	1
0x60011854	rd	0x4205940e	0x00000000	0x00000000	1
0x60011854	wr	0x4205941a	0x00000001	0x00000001	1
0x6001104c	rd	0x4205941e	0x00000010	0x00000010	1
0x6001104c	wr	0x42059424	0x00000014	0x00000014	1
0x60011854	rd	0x42059426	0x00000001	0x00000001	1
0x60011854	wr	0x42059432	0x000000f1	0x000000f1	1
0x60011854	rd	0x42059436	0x000000f1	0x000000f1	1
0x60011854	wr	0x4205943e	0x000000f1	0x000000f1	1
0x60011850	rd	0x42059350	0x00000000	0x0013e7cf	3
0x60011850	wr	0x42059368	0x0013c000	0x0013e7cf	3
0x60011850	rd	0x4205936e	0x0013c000	0x0013e7cf	3
0x60011850	wr	0x42059386	0x0013e780	0x0013e7cf	3
0x60011850	rd	0x4205938a	0x0013e780	0x0013e7cf	3
0x60011850	wr	0x42059398	0x0013e7cf	0x0013e7cf	3
0x60011850	rd	0x42059454	0x0013e7cf	0x0013e7cf	1
0x60011850	wr	0x4205946a	0x0013e7cf	0x0013e7cf	1
0x60011848	rd	0x4205946e	0x00500000	0x00500000	1
0x60011848	wr	0x42059480	0x00500000	0x00500000	1
0x6001184c	rd	0x42059484	0x00000000	0x00000000	1
0x6001184c	wr	0x42059490	0x04000000	0x04000000	1
0x6001184c	rd	0x42059494	0x04000000	0x04000000	1
0x6001184c	wr	0x420594a8	0x04002710	0x04002710	1
0x60011844	rd	0x420593a8	0x00000000	0x00000000	1
0x60011844	wr	0x420593c0	0x00003400	0x00003400	1
0x60011844	rd	0x420593c4	0x00003400	0x00003400	1
0x60011844	wr	0x420593d6	0x00003468	0x00003468	1
0x60011844	rd	0x420593da	0x00003468	0x00003468	1
0x60011844	wr	0x420593ec	0x00d03468	0x00d03468	1
0x600118a0	rd	0x420594d4	0x03000000	0x239c000a	3
0x600118a0	wr	0x420594e4	0x039c0000	0x239c000a	3
0x600118ac	rd	0x42059500	0x006b1db1	0x496b1db1	3
0x600118ac	wr	0x42059514	0x496b1db1	0x496b1db1	3
0x60011840	rd	0x42058eaa	0x00390000	0x00390000	1
0x60011840	wr	0x42058ebe	0x00390800	0x00390800	1
0x60011868	rd	0x42058ed2	0x00000000	0x00000000	1
0x60011868	wr	0x42058eda	0x00002000	0x00002000	1
0x60011868	rd	0x42058ede	0x00002000	0x00002000	1
0x60011868	wr	0x42058eec	0x00002020	0x00002020	1
0x60011868	rd	0x42058ef0	0x00002020	0x00002020	1
0x60011868	wr	0x42058ef6	0x00003020	0x00003020	1
0x60011868	rd	0x42058efa	0x00003020	0x00003020	1
0x60011868	wr	0x42058f08	0x0000302a	0x0000302a	1
0x600118b0	rd	0x42058f0c	0xe4720000	0xe4720000	1
0x600118b0	wr	0x42058f14	0xe4721400	0xe4721400	1
0x600118b0	rd	0x42058f18	0xe4721400	0xe4721400	1
0x600118b0	wr	0x42058f24	0xe47214a0	0xe47214a0	1
0x60011888	rd	0x420595c0	0x00000000	0x00000000	1
0x60011888	wr	0x420595cc	0x00000000	0x00000000	1
0x60011888	rd	0x420595d0	0x00000000	0x00000000	1
0x60011888	wr	0x420595dc	0x00000000	0x00000000	1
0x600118a0	rd	0x420595e0	0x039c0000	0x039c0000	1
0x600118a0	wr	0x420595f2	0x239c0000	0x239c0000	1
0x600118a0	rd	0x420595f6	0x239c0000	0x239c0000	1
0x600118a0	wr	0x42059604	0x239c000a	0x239c000a	1
0x60011858	wr	0x42059524	0x4a4a4a4a	0x4a4a4a4a	1
0x6001185c	wr	0x42059528	0x4a4a4a4a	0x4a4a4a4a	1
0x60011864	wr	0x42059530	0x00000404	0x00000404	1
0x60011868	rd	0x42059534	0x0000302a	0x0000302a	1
0x60011868	wr	0x4205953e	0x0000000a	0x0000000a	1
0x6001104c	rd	0x42058e82	0x00000014	0x00000014	1
0x6001104c	wr	0x42058e88	0x00000014	0x00000014	1
0x600310f8	rd	0x4000390c	0x00000000	0x00000000	1
0x600310f8	wr	0x40003916	0x00000000	0x00000000	1
0x600310f8	rd	0x4000391a	0x00000000	0x00000000	1
0x600310f8	wr	0x40003926	0x00000000	0x00000000	1
0x600310f8	rd	0x4000392a	0x00000000	0x00000000	1
0x600310f8	wr	0x40003938	0x00000000	0x00000000	1
0x600310f8	rd	0x4000393c	0x00000000	0x00000000	1
0x600310f8	wr	0x40003944	0x00000001	0x00000001	1
0x600310f8	rd	0x4000394c	0x00000001	0x00000001	1
0x600310f8	rd	0x4000396e	0x00000001	0x00000321	15
0x600310f8	wr	0x4000397a	0x00000000	0x00000320	15
0x600310f8	rd	0x4000397e	0x00000000	0x00000320	15
0x600310f8	wr	0x4000398a	0x00000000	0x00000320	15
0x600310f8	rd	0x4000398e	0x00000000	0x00000320	15
0x600310f8	wr	0x4000399c	0x00000010	0x00000330	15
0x600310f8	rd	0x400039a0	0x00000010	0x00000330	15
0x600310f8	wr	0x400039a8	0x00000011	0x00000331	15
0x600310f8	rd	0x400039b0	0x00000011	0x00000331	15
0x60031000	wr	0x4203cb94	0x0010060f	0x0010060f	2
0x600310e0	wr	0x4203cbee	0x0190012c	0x0190012c	2
0x600312d8	rd	0x4203cbfc	0x00000000	0x0000001e	2
0x600312d8	wr	0x4203cc04	0x80000000	0x8000001e	2
0x600312d8	rd	0x4203cc06	0x00000000	0x0000001e	2
0x600312d8	wr	0x4203cc0c	0x0000001e	0x0000001e	2
0x6003100c	wr	0x4203cc1a	0x00640166	0x00640166	2
0x60031120	wr	0x4203cc26	0xffff02d9	0xffff02d9	2
0x60031130	wr	0x4203cc34	0x000c0c00	0x000c0c00	2
0x60031134	wr	0x4203cc40	0x00000c00	0x00000c00	2
0x60031138	wr	0x4203cc46	0x000c0c00	0x000c0c00	2
0x6003113c	wr	0x4203cc4c	0x00000c00	0x00000c00	2
0x60031170	wr	0x4203cc5a	0x000a0c60	0x000a0c60	2
0x60031174	wr	0x4203cc64	0x00000c60	0x00000c60	2
0x60031148	wr	0x4203cc6e	0x00000010	0x00000010	2
0x60031210	rd	0x400069f6	0x1002a000	0x1002a000	84
0x60031210	rd	0x40006a68	0x1002a000	0x1002a000	84
0x6003124c	rd	0x400069f6	0x7802a2e8	0x7802a2e8	2
0x6003124c	rd	0x40006a68	0x7802a2e8	0x7802a2e8	2
0x60031250	rd	0x400069f6	0x7c02a331	0x7c02a331	2
0x60031250	rd	0x40006a68	0x7c02a331	0x7c02a331	2
0x60031254	rd	0x400069f6	0x8002a37a	0x8002a37a	2
0x60031254	rd	0x40006a68	0x8002a37a	0x8002a37a	2
0x60031258	rd	0x400069f6	0x8402a3c3	0x8402a3c3	2
0x60031258	rd	0x40006a68	0x8402a3c3	0x8402a3c3	2
0x6003125c	rd	0x400069f6	0x8802a40c	0x8802a40c	2
0x6003125c	rd	0x40006a68	0x8802a40c	0x8802a40c	2
0x60031260	rd	0x400069f6	0x8c02a455	0x8c02a455	2
0x60031260	rd	0x40006a68	0x8c02a455	0x8c02a455	2
0x60031264	rd	0x400069f6	0x9002a49e	0x9002a49e	2
0x60031264	rd	0x40006a68	0x9002a49e	0x9002a49e	2
0x60031268	rd	0x400069f6	0x9402a4e7	0x9402a4e7	2
0x60031268	rd	0x40006a68	0x9402a4e7	0x9402a4e7	2
0x6003126c	rd	0x400069f6	0x9802a530	0x9802a530	2
0x6003126c	rd	0x40006a68	0x9802a530	0x9802a530	2
0x600312d4	rd	0x4203cd4e	0x00000000	0x000000ff	2
0x600312d4	wr	0x4203cd5a	0x000000ff	0x000000ff	2
0x60031024	wr	0x4203cd80	0x00001000	0x00001000	2
0x60031208	rd	0x400069f6	0x04029e3e	0x04029e3e	78
0x60031208	rd	0x40006a68	0x04029e3e	0x04029e3e	78
0x60031090	rd	0x4203cdda	0x0000000d	0x00200408	2
0x60031094	rd	0x4203cdf6	0x00020202	0x00020407	2
0x60031098	rd	0x4203ce0c	0x0f020202	0x0f020407	2
0x60031098	rd	0x4203ce22	0x0f020202	0x0f020407	2
0x60031178	wr	0x4203ce4c	0x80271695	0x80131454	2
0x6003117c	wr	0x4203ce64	0x800d6c93	0x80050e7f	2
0x60031000	rd	0x4203ce66	0x0010060f	0x0010060f	2
0x60031000	wr	0x4203ce74	0x0010070f	0x0010070f	2
0x60031004	rd	0x4203ce76	0x09001b00	0x09001b00	2
0x60031090	wr	0x40020458	0x00200408	0x00200408	2
0x60031094	wr	0x40020464	0x00020407	0x00020407	2
0x60031098	wr	0x40020470	0x0f020407	0x0f020407	2
0x6003109c	wr	0x4002047a	0x0a020008	0x0a020008	2
0x6001104c	rd	0x40020482	0x00000014	0x00000014	2
0x6001104c	wr	0x40020488	0x00000014	0x00000014	2
0x60031000	rd	0x42048506	0x0010070f	0x0010070f	2
0x60031000	wr	0x42048512	0x8010070f	0x8010070f	2
0x60031000	rd	0x42048514	0x8010070f	0x0010070f	105
0x600312c4	rd	0x42039ff0	0x07fe007f	0x07fe007f	30
0x60031270	rd	0x4203a05c	0x9c000000	0x9c000000	2
0x60031274	rd	0x4203a05c	0xa0000000	0xa0000000	2
0x60031278	rd	0x4203a05c	0xa4000000	0xa4000000	2
0x6003127c	rd	0x4203a05c	0xa8000000	0xa8000000	2
0x60031280	rd	0x4203a05c	0xac000000	0xac000000	2
0x600312c8	rd	0x4203a0e2	0x00000000	0x00000000	14
0x60031284	rd	0x4203a05c	0xb0000000	0xb0000000	2
0x60031288	rd	0x4203a05c	0xb4000000	0xb4000000	2
0x6003128c	rd	0x4203a05c	0xb8000000	0xb8000000	2
0x60031290	rd	0x4203a05c	0xbc000000	0xbc000000	2
0x60031294	rd	0x4203a05c	0xc0000000	0xc0000000	2
0x60031298	rd	0x4203a05c	0xc4000000	0xc4000000	2
0x6003129c	rd	0x4203a05c	0xc8000000	0xc8000000	2
0x60031220	rd	0x4203a05c	0x24000000	0x24000000	2
0x60031224	rd	0x4203a05c	0x2c000000	0x2c000000	2
0x60031228	rd	0x4203a05c	0x34000000	0x34000000	2
0x6003122c	rd	0x4203a05c	0x3c000000	0x3c000000	2
0x60031230	rd	0x4203a05c	0x44000000	0x44000000	2
0x60031234	rd	0x4203a05c	0x4c000000	0x4c000000	2
0x60031238	rd	0x4203a05c	0x54000000	0x54000000	2
0x6003123c	rd	0x4203a05c	0x5c000000	0x5c000000	2
0x60031240	rd	0x4203a05c	0x64000000	0x64000000	2
0x60031244	rd	0x4203a05c	0x6c000000	0x6c000000	2
0x600310f8	rd	0x42039620	0x00000331	0x00000331	2
0x600310f8	wr	0x42039634	0x00000331	0x00000331	2
0x60031098	rd	0x42039658	0x0f020407	0x0f020407	2
0x60031098	wr	0x42039668	0x0f020407	0x0f020407	2
0x6003109c	rd	0x4203966e	0x0a020008	0x0a020008	2
0x6003109c	wr	0x4203967e	0x0a020008	0x0a020008	2
0x60031530	rd	0x42059868	0x00000000	0x00000000	1
0x60031530	wr	0x42059870	0x000000f0	0x000000f0	1
0x60031150	rd	0x42059874	0x00000003	0x00000003	1
0x60031150	wr	0x4205987c	0x000000f3	0x000000f3	1
0x60031530	rd	0x420598ee	0x000000f0	0x000000f0	1
0x60031530	wr	0x420598f6	0x000000f1	0x000000f1	1
0x60031150	rd	0x420598fa	0x000000f3	0x000000f3	1
0x60031150	wr	0x42059902	0x000000f3	0x000000f3	1
0x60031048	rd	0x42059906	0x00000000	0x00000000	1
0x60031048	wr	0x4205990c	0x00000100	0x00000100	1
0x60031048	rd	0x4205990e	0x00000100	0x00000100	1
0x60031048	wr	0x42059914	0x000001f0	0x000001f0	1
0x60031000	rd	0x42047f40	0x0010070f	0x0010070f	1
0x60031000	wr	0x42047f4a	0x0010060f	0x0010060f	1
0x60031000	rd	0x42047f4c	0x0010060f	0x0010060f	1
0x60031000	wr	0x42047f50	0x8010060f	0x8010060f	1
0x60031000	rd	0x42047f52	0x8010060f	0x0010060f	35
0x6003100c	wr	0x42047f5a	0x00000000	0x00000000	1
0x60031018	wr	0x42047f5e	0xffffffff	0xffffffff	1
0x600312d8	rd	0x42047f6e	0x0000001e	0x0000001e	1
0x600312d8	wr	0x42047f76	0x8000001e	0x8000001e	1
0x6003120c	rd	0x400069f6	0x0c029f5f	0x0c029f5f	81
0x6003120c	rd	0x40006a68	0x0c029f5f	0x0c029f5f	81
0x600310d0	rd	0x4203caa2	0x00000000	0x00000000	1
0x600310d0	wr	0x4203caaa	0x00000000	0x00000000	1
0x60031050	wr	0x4203caac	0x00000000	0x00000000	1
0x6003132c	wr	0x4002c64a	0x00000000	0x00000000	1
0x600312c4	rd	0x40006c20	0x07fe007f	0x07fe00ff	2
0x60031220	rd	0x40006cda	0x24000000	0x24000000	1
0x60031220	rd	0x40006d4c	0x24000000	0x24000000	1
0x60031220	wr	0x40006d58	0x24027197	0x24027197	1
0x600312c4	rd	0x40006d86	0x07fe007f	0x07fe00ff	2
0x600312c4	wr	0x40006d98	0x07fe00ff	0x07fe01ff	2
0x60031220	rd	0x400069f6	0x24027197	0x24027197	1
0x60031220	rd	0x40006a68	0x24027197	0x24027197	1
0x60031224	rd	0x40006cda	0x2c000000	0x2c000000	1
0x60031224	rd	0x40006d4c	0x2c000000	0x2c000000	1
0x60031224	wr	0x40006d58	0x2c0271a0	0x2c0271a0	1
0x60031224	rd	0x400069f6	0x2c0271a0	0x2c0271a0	1
0x60031224	rd	0x40006a68	0x2c0271a0	0x2c0271a0	1
0x60031330	wr	0x4002c64a	0x00000000	0x00000000	1
0x60031214	rd	0x400069f6	0x1402a037	0x1402a037	30
0x60031214	rd	0x40006a68	0x1402a037	0x1402a037	30
0x600310ec	wr	0x4002f312	0x00000338	0x00000338	1
0x600310f0	wr	0x4002f34c	0x00000270	0x00000270	1
0x60031018	wr	0x4002f354	0x00000800	0x00000800	1
0x6003138c	wr	0x4002f358	0x00000800	0x00000800	1
0x6003100c	rd	0x4002f360	0x00640166	0x00640166	1
0x6003100c	wr	0x4002f372	0x00640966	0x00640966	1
0x60031178	wr	0x4203da4a	0x801e26b2	0x801e26b2	1
0x6003117c	wr	0x4203da5e	0x8038ae0f	0x8038ae0f	1
0x60031010	rd	0x403868f0	0x00000800	0x00000800	1
0x600312d8	rd	0x403869a6	0x0020003e	0x0000001e	2
0x600312d8	rd	0x403869b6	0x0020003e	0x0020003e	1
0x600312d8	wr	0x403869bc	0x0020003f	0x0020003f	1
0x60031018	wr	0x4002f522	0x00000800	0x00000800	1
0x6003100c	rd	0x4002eae6	0x00640966	0x00640966	1
0x6003100c	wr	0x4002eaf0	0x00640166	0x00640166	1
0x6003138c	wr	0x4002eb02	0x00000800	0x00000800	1
0x6003132c	rd	0x400137b6	0x00000000	0x00000000	1
0x6003132c	wr	0x400137be	0x0000000d	0x0000000d	1
0x6003132c	rd	0x40013806	0x0000000d	0x0000000d	1
0x6003132c	wr	0x40013814	0x0000000d	0x0000000d	1
0x6003132c	rd	0x4001385a	0x0000000d	0x0000000d	1
0x6003132c	wr	0x40013868	0x0000000d	0x0000000d	1
0x6003132c	rd	0x400138aa	0x0000000d	0x0000000d	1
0x6003132c	wr	0x400138bc	0x4000000d	0x4000000d	1
0x60031100	wr	0x40387638	0x80000000	0x80000000	1
0x600110e0	rd	0x40386dfa	0x00000000	0x00000000	1
0x600110e0	wr	0x40386e02	0x20000000	0x20000000	1
0x6003100c	rd	0x4002f384	0x00640166	0x00640166	1
0x6003100c	wr	0x4002f38e	0x00640166	0x00640166	1
0x6003138c	wr	0x4002f39c	0x00000800	0x00000800	1
