first_event	address	kind	pc	symbol	first_value	last_value	count
208643	0x60031204	wr	0x420399f8	r_emi_em_base_init+0x72	0x00029de5	0x00029de5	1
208644	0x600312c4	rd	0x420399fe	r_emi_em_base_init+0x78	0x00000000	0x00000000	1
208645	0x600312c4	wr	0x42039a08	r_emi_em_base_init+0x82	0x00000001	0x00000001	1
208651	0x60031208	wr	0x42039a5c	r_emi_em_base_init+0xd6	0x04029e3e	0x04029e3e	1
208652	0x600312c4	rd	0x42039a62	r_emi_em_base_init+0xdc	0x00000001	0x00000001	1
208653	0x600312c4	wr	0x42039a6c	r_emi_em_base_init+0xe6	0x00000003	0x00000003	1
208659	0x6003120c	wr	0x42039ac2	r_emi_em_base_init+0x13c	0x0c029f5f	0x0c029f5f	1
208660	0x600312c4	rd	0x42039ac8	r_emi_em_base_init+0x142	0x00000003	0x00000003	1
208661	0x600312c4	wr	0x42039ad2	r_emi_em_base_init+0x14c	0x00000007	0x00000007	1
208667	0x60031210	wr	0x42039b24	r_emi_em_base_init+0x19e	0x1002a000	0x1002a000	1
208668	0x600312c4	rd	0x42039b2a	r_emi_em_base_init+0x1a4	0x00000007	0x00000007	1
208669	0x600312c4	wr	0x42039b34	r_emi_em_base_init+0x1ae	0x0000000f	0x0000000f	1
208675	0x60031214	wr	0x42039b8a	r_emi_em_base_init+0x204	0x1402a037	0x1402a037	1
208676	0x600312c4	rd	0x42039b90	r_emi_em_base_init+0x20a	0x0000000f	0x0000000f	1
208677	0x600312c4	wr	0x42039b9a	r_emi_em_base_init+0x214	0x0000001f	0x0000001f	1
208683	0x60031218	wr	0x42039bf0	r_emi_em_base_init+0x26a	0x1c02a178	0x1c02a178	1
208684	0x600312c4	rd	0x42039bf6	r_emi_em_base_init+0x270	0x0000001f	0x0000001f	1
208685	0x600312c4	wr	0x42039c00	r_emi_em_base_init+0x27a	0x0000003f	0x0000003f	1
208691	0x6003121c	wr	0x42039c52	r_emi_em_base_init+0x2cc	0x2002a209	0x2002a209	1
208692	0x600312c4	rd	0x42039c58	r_emi_em_base_init+0x2d2	0x0000003f	0x0000003f	1
208693	0x600312c4	wr	0x42039c64	r_emi_em_base_init+0x2de	0x0000007f	0x0000007f	1
208694	0x60031220	wr	0x42039ca4	r_emi_em_base_init+0x31e	0x24000000	0x24000000	1
208695	0x600312c4	rd	0x42039cac	r_emi_em_base_init+0x326	0x0000007f	0x0000007f	10
208696	0x600312c4	wr	0x42039cbc	r_emi_em_base_init+0x336	0x0000007f	0x0000007f	10
208697	0x60031224	wr	0x42039ca4	r_emi_em_base_init+0x31e	0x2c000000	0x2c000000	1
208700	0x60031228	wr	0x42039ca4	r_emi_em_base_init+0x31e	0x34000000	0x34000000	1
208703	0x6003122c	wr	0x42039ca4	r_emi_em_base_init+0x31e	0x3c000000	0x3c000000	1
208706	0x60031230	wr	0x42039ca4	r_emi_em_base_init+0x31e	0x44000000	0x44000000	1
208709	0x60031234	wr	0x42039ca4	r_emi_em_base_init+0x31e	0x4c000000	0x4c000000	1
208712	0x60031238	wr	0x42039ca4	r_emi_em_base_init+0x31e	0x54000000	0x54000000	1
208715	0x6003123c	wr	0x42039ca4	r_emi_em_base_init+0x31e	0x5c000000	0x5c000000	1
208718	0x60031240	wr	0x42039ca4	r_emi_em_base_init+0x31e	0x64000000	0x64000000	1
208721	0x60031244	wr	0x42039ca4	r_emi_em_base_init+0x31e	0x6c000000	0x6c000000	1
208731	0x60031248	wr	0x42039d24	r_emi_em_base_init+0x39e	0x7402a2ca	0x7402a2ca	1
208732	0x600312c4	rd	0x42039d2a	r_emi_em_base_init+0x3a4	0x0000007f	0x0000007f	1
208733	0x600312c4	wr	0x42039d3e	r_emi_em_base_init+0x3b8	0x0002007f	0x0002007f	1
208739	0x6003124c	wr	0x42039da6	r_emi_em_base_init+0x420	0x7802a2e8	0x7802a2e8	1
208740	0x600312c4	rd	0x42039dac	r_emi_em_base_init+0x426	0x0002007f	0x03fe007f	9
208741	0x600312c4	wr	0x42039dc0	r_emi_em_base_init+0x43a	0x0006007f	0x07fe007f	9
208747	0x60031250	wr	0x42039da6	r_emi_em_base_init+0x420	0x7c02a331	0x7c02a331	1
208755	0x60031254	wr	0x42039da6	r_emi_em_base_init+0x420	0x8002a37a	0x8002a37a	1
208763	0x60031258	wr	0x42039da6	r_emi_em_base_init+0x420	0x8402a3c3	0x8402a3c3	1
208771	0x6003125c	wr	0x42039da6	r_emi_em_base_init+0x420	0x8802a40c	0x8802a40c	1
208779	0x60031260	wr	0x42039da6	r_emi_em_base_init+0x420	0x8c02a455	0x8c02a455	1
208787	0x60031264	wr	0x42039da6	r_emi_em_base_init+0x420	0x9002a49e	0x9002a49e	1
208795	0x60031268	wr	0x42039da6	r_emi_em_base_init+0x420	0x9402a4e7	0x9402a4e7	1
208803	0x6003126c	wr	0x42039da6	r_emi_em_base_init+0x420	0x9802a530	0x9802a530	1
208806	0x60031270	wr	0x42039f3e	r_emi_em_base_init+0x5b8	0x9c000000	0x9c000000	1
208807	0x600312c4	rd	0x42039f4e	r_emi_em_base_init+0x5c8	0x07fe007f	0x07fe007f	5
208808	0x600312c4	wr	0x42039f5c	r_emi_em_base_init+0x5d6	0x07fe007f	0x07fe007f	5
208809	0x60031274	wr	0x42039f3e	r_emi_em_base_init+0x5b8	0xa0000000	0xa0000000	1
208812	0x60031278	wr	0x42039f3e	r_emi_em_base_init+0x5b8	0xa4000000	0xa4000000	1
208815	0x6003127c	wr	0x42039f3e	r_emi_em_base_init+0x5b8	0xa8000000	0xa8000000	1
208818	0x60031280	wr	0x42039f3e	r_emi_em_base_init+0x5b8	0xac000000	0xac000000	1
208821	0x60031284	wr	0x42039f3e	r_emi_em_base_init+0x5b8	0xb0000000	0xb0000000	1
208822	0x600312c8	rd	0x42039f6a	r_emi_em_base_init+0x5e4	0x00000000	0x00000000	7
208823	0x600312c8	wr	0x42039f5c	r_emi_em_base_init+0x5d6	0x00000000	0x00000000	7
208824	0x60031288	wr	0x42039f3e	r_emi_em_base_init+0x5b8	0xb4000000	0xb4000000	1
208827	0x6003128c	wr	0x42039f3e	r_emi_em_base_init+0x5b8	0xb8000000	0xb8000000	1
208830	0x60031290	wr	0x42039f3e	r_emi_em_base_init+0x5b8	0xbc000000	0xbc000000	1
208833	0x60031294	wr	0x42039f3e	r_emi_em_base_init+0x5b8	0xc0000000	0xc0000000	1
208836	0x60031298	wr	0x42039f3e	r_emi_em_base_init+0x5b8	0xc4000000	0xc4000000	1
208839	0x6003129c	wr	0x42039f3e	r_emi_em_base_init+0x5b8	0xc8000000	0xc8000000	1
208842	0x600312a0	wr	0x42039ed6	r_emi_em_base_init+0x550	0xcc000000	0xcc000000	1
208843	0x600312c8	rd	0x42039edc	r_emi_em_base_init+0x556	0x00000000	0x00000000	1
208844	0x600312c8	wr	0x42039ee4	r_emi_em_base_init+0x55e	0x00000000	0x00000000	1
208881	0x60031204	rd	0x400069f6	r_emi_get_mem_addr_by_offset+0x80	0x00029de5	0x00029de5	65
208882	0x60031204	rd	0x40006a68	r_emi_get_mem_addr_by_offset+0xf2	0x00029de5	0x00029de5	65
208883	0x60031078	rd	0x42047b78	r_rw_rf_init+0x86	0x00000000	0x00000000	1
208884	0x60031078	wr	0x42047b82	r_rw_rf_init+0x90	0x00000100	0x00000100	1
208885	0x60031074	rd	0x4203942e	r_rf_rw_v9_le_init+0x4	0x00000000	0x00001020	2
208886	0x60031074	wr	0x4203943c	r_rf_rw_v9_le_init+0x12	0x00000000	0x00001020	2
208887	0x60031080	rd	0x42039442	r_rf_rw_v9_le_init+0x18	0x00000000	0x00640064	2
208888	0x60031080	wr	0x42039454	r_rf_rw_v9_le_init+0x2a	0x00000064	0x00640064	2
208889	0x60031080	rd	0x42039456	r_rf_rw_v9_le_init+0x2c	0x00000064	0x00640064	2
208890	0x60031080	wr	0x42039462	r_rf_rw_v9_le_init+0x38	0x00640064	0x00640064	2
208891	0x60031084	rd	0x42039468	r_rf_rw_v9_le_init+0x3e	0x00000000	0x00640064	2
208892	0x60031084	wr	0x42039478	r_rf_rw_v9_le_init+0x4e	0x00000064	0x00640064	2
208893	0x60031084	rd	0x4203947a	r_rf_rw_v9_le_init+0x50	0x00000064	0x00640064	2
208894	0x60031084	wr	0x42039484	r_rf_rw_v9_le_init+0x5a	0x00640064	0x00640064	2
208895	0x60031088	rd	0x4203948a	r_rf_rw_v9_le_init+0x60	0x00000000	0x00640064	2
208896	0x60031088	wr	0x42039494	r_rf_rw_v9_le_init+0x6a	0x00000064	0x00640064	2
208897	0x60031088	rd	0x42039496	r_rf_rw_v9_le_init+0x6c	0x00000064	0x00640064	2
208898	0x60031088	wr	0x4203949c	r_rf_rw_v9_le_init+0x72	0x00640064	0x00640064	2
208899	0x6003108c	rd	0x420394a2	r_rf_rw_v9_le_init+0x78	0x00000000	0x00640064	2
208900	0x6003108c	wr	0x420394ac	r_rf_rw_v9_le_init+0x82	0x00000064	0x00640064	2
208901	0x6003108c	rd	0x420394ae	r_rf_rw_v9_le_init+0x84	0x00000064	0x00640064	2
208902	0x6003108c	wr	0x420394b4	r_rf_rw_v9_le_init+0x8a	0x00640064	0x00640064	2
208903	0x60031090	rd	0x420394ba	r_rf_rw_v9_le_init+0x90	0x00000000	0x0000000d	2
208904	0x60031090	wr	0x420394cc	r_rf_rw_v9_le_init+0xa2	0x0000000d	0x0000000d	2
208905	0x60031094	rd	0x420394ce	r_rf_rw_v9_le_init+0xa4	0x00000000	0x00020202	2
208906	0x60031094	wr	0x420394dc	r_rf_rw_v9_le_init+0xb2	0x0000000d	0x0002020d	2
208907	0x60031098	rd	0x420394de	r_rf_rw_v9_le_init+0xb4	0x00000000	0x0f020202	2
208908	0x60031098	wr	0x420394e8	r_rf_rw_v9_le_init+0xbe	0x0000000d	0x0f02020d	2
208909	0x6003109c	rd	0x420394ea	r_rf_rw_v9_le_init+0xc0	0x00000000	0x0f020202	2
208910	0x6003109c	wr	0x420394f4	r_rf_rw_v9_le_init+0xca	0x0000000d	0x0f02020d	2
208911	0x60031000	rd	0x420394f6	r_rf_rw_v9_le_init+0xcc	0x00000000	0x0000000f	2
208912	0x60031000	wr	0x420394fc	r_rf_rw_v9_le_init+0xd2	0x0000000f	0x0000000f	2
208913	0x600310e0	rd	0x420394fe	r_rf_rw_v9_le_init+0xd4	0x00000000	0x01be00fa	2
208914	0x600310e0	wr	0x4203950c	r_rf_rw_v9_le_init+0xe2	0x01be0000	0x01be00fa	2
208915	0x600310e0	rd	0x4203950e	r_rf_rw_v9_le_init+0xe4	0x01be0000	0x01be00fa	2
208916	0x600310e0	wr	0x42039518	r_rf_rw_v9_le_init+0xee	0x01be00fa	0x01be00fa	2
208917	0x60031070	wr	0x4203951a	r_rf_rw_v9_le_init+0xf0	0x00000000	0x00000000	2
208918	0x60031074	rd	0x4203951e	r_rf_rw_v9_le_init+0xf4	0x00000000	0x00001020	2
208919	0x60031074	wr	0x42039528	r_rf_rw_v9_le_init+0xfe	0x00001020	0x00001020	2
208920	0x60031078	wr	0x42039532	r_rf_rw_v9_le_init+0x108	0x0cc00100	0x0cc00100	2
208921	0x60031078	rd	0x42039534	r_rf_rw_v9_le_init+0x10a	0x0cc00100	0x0cc00100	2
208922	0x60031078	wr	0x42039542	r_rf_rw_v9_le_init+0x118	0x0cc10100	0x0cc10100	2
208923	0x60031094	wr	0x4203954c	r_rf_rw_v9_le_init+0x122	0x00020202	0x00020202	2
208924	0x60031098	wr	0x42039556	r_rf_rw_v9_le_init+0x12c	0x0f020202	0x0f020202	2
208925	0x6003109c	wr	0x42039558	r_rf_rw_v9_le_init+0x12e	0x0f020202	0x0f020202	2
208926	0x60011050	rd	0x42039566	r_rf_rw_v9_le_init+0x13c	0x00000000	0x000002d0	2
208927	0x60011050	wr	0x4203957a	r_rf_rw_v9_le_init+0x150	0x000002d0	0x000002d0	2
208928	0x60011868	rd	0x4203960a	r_rf_rw_v9_le_init+0x1e0	0x00000000	0x0000000a	2
208929	0x60011868	wr	0x42039614	r_rf_rw_v9_le_init+0x1ea	0x00000000	0x0000000a	2
208936	0x6003101c	rd	0x4002ee60	r_rwip_time_get+0x4	0x00000060	0x0000033d	5
208937	0x6003101c	wr	0x4002ee72	r_rwip_time_get+0x16	0x80000060	0x8000033d	5
208938	0x6003101c	rd	0x4002ee78	r_rwip_time_get+0x1c	0x80000060	0x0000033d	30699
213804	0x6003101c	rd	0x4002ee8e	r_rwip_time_get+0x32	0x00000060	0x0000033d	5
213805	0x60031020	rd	0x4002ee92	r_rwip_time_get+0x36	0x00000270	0x00000270	5
213813	0x6003138c	wr	0x42048474	r_rwip_driver_init+0x6e	0x00000080	0x00000080	1
213814	0x6003138c	wr	0x4204847a	r_rwip_driver_init+0x74	0x00000100	0x00000100	1
213815	0x6003138c	wr	0x4204847e	r_rwip_driver_init+0x78	0x00001000	0x00001000	1
213816	0x6003100c	rd	0x42048484	r_rwip_driver_init+0x7e	0x00000000	0x00000000	1
213817	0x6003100c	wr	0x4204848e	r_rwip_driver_init+0x88	0x00001180	0x00001180	1
213821	0x60031150	rd	0x4002f652	r_rwip_wlcoex_set+0xa	0x00000000	0x000000f3	3
213822	0x60031150	wr	0x4002f65e	r_rwip_wlcoex_set+0x16	0x00000002	0x000000f3	3
213823	0x60031150	rd	0x4002f662	r_rwip_wlcoex_set+0x1a	0x00000002	0x000000f3	3
213824	0x60031150	wr	0x4002f670	r_rwip_wlcoex_set+0x28	0x00000003	0x000000f3	3
213825	0x6003115c	wr	0x4002f682	r_rwip_wlcoex_set+0x3a	0x8888888f	0x8888888f	3
213826	0x60031160	wr	0x4002f68e	r_rwip_wlcoex_set+0x46	0x00000000	0x00000000	3
240010	0x6001104c	rd	0x4003abc8	rom_bt_filter_reg+0x4	0x00000000	0x00000010	2
240011	0x6001104c	wr	0x4003abd2	rom_bt_filter_reg+0xe	0x00000010	0x00000010	2
251328	0x60011848	rd	0x4205536a	set_rx_gain_table+0x21c	0x00000000	0x00000000	1
251329	0x60011848	wr	0x4205537c	set_rx_gain_table+0x22e	0x00500000	0x00500000	1
265287	0x60011018	rd	0x42059612	bt_bb_v2_tx_set+0x4	0x00000000	0x00000000	1
265288	0x60011018	wr	0x42059624	bt_bb_v2_tx_set+0x16	0x00002800	0x00002800	1
265289	0x60011018	rd	0x42059626	bt_bb_v2_tx_set+0x18	0x00002800	0x00002800	1
265290	0x60011018	wr	0x42059636	bt_bb_v2_tx_set+0x28	0x20002800	0x20002800	1
265291	0x60011018	rd	0x42059638	bt_bb_v2_tx_set+0x2a	0x20002800	0x20002800	1
265292	0x60011018	wr	0x42059648	bt_bb_v2_tx_set+0x3a	0x20002801	0x20002801	1
265293	0x60011008	rd	0x4205964a	bt_bb_v2_tx_set+0x3c	0x00000000	0x00000000	1
265294	0x60011008	wr	0x42059658	bt_bb_v2_tx_set+0x4a	0x00000000	0x00000000	1
265295	0x6001100c	rd	0x4205965a	bt_bb_v2_tx_set+0x4c	0x00000000	0x00000000	1
265296	0x6001100c	wr	0x42059668	bt_bb_v2_tx_set+0x5a	0x00000100	0x00000100	1
265299	0x60011008	rd	0x4205955c	bt_bb_v2_rx_set+0x18	0x00000000	0x00000000	1
265300	0x60011008	wr	0x42059570	bt_bb_v2_rx_set+0x2c	0x02000000	0x02000000	1
265301	0x60011064	rd	0x42058f2e	bt_bb_corr_set+0x4	0x00000000	0x00000000	1
265302	0x60011064	wr	0x42058f40	bt_bb_corr_set+0x16	0x00200000	0x00200000	1
265303	0x60011064	rd	0x42058f42	bt_bb_corr_set+0x18	0x00200000	0x00200000	1
265304	0x60011064	wr	0x42058f50	bt_bb_corr_set+0x26	0x00208000	0x00208000	1
265305	0x60011064	rd	0x42058f52	bt_bb_corr_set+0x28	0x00208000	0x00208000	1
265306	0x60011064	wr	0x42058f64	bt_bb_corr_set+0x3a	0x00208900	0x00208900	1
265307	0x60011064	rd	0x42058f66	bt_bb_corr_set+0x3c	0x00208900	0x00208900	1
265308	0x60011064	wr	0x42058f76	bt_bb_corr_set+0x4c	0x00208904	0x00208904	1
265309	0x60011068	rd	0x42058f78	bt_bb_corr_set+0x4e	0x00000000	0x00000000	1
265310	0x60011068	wr	0x42058f86	bt_bb_corr_set+0x5c	0x10000000	0x10000000	1
265311	0x60011068	rd	0x42058f88	bt_bb_corr_set+0x5e	0x10000000	0x10000000	1
265312	0x60011068	wr	0x42058f92	bt_bb_corr_set+0x68	0x10000060	0x10000060	1
265313	0x60011068	rd	0x42058f94	bt_bb_corr_set+0x6a	0x10000060	0x10000060	1
265314	0x60011068	wr	0x42058f9e	bt_bb_corr_set+0x74	0x10d00060	0x10d00060	1
265315	0x60011068	rd	0x42058fa0	bt_bb_corr_set+0x76	0x10d00060	0x10d00060	1
265316	0x60011068	wr	0x42058fb0	bt_bb_corr_set+0x86	0x10da1060	0x10da1060	1
265317	0x60011068	rd	0x42058fb2	bt_bb_corr_set+0x88	0x10da1060	0x10da1060	1
265318	0x60011068	wr	0x42058fb6	bt_bb_corr_set+0x8c	0x10da1860	0x10da1860	1
265319	0x60011038	rd	0x42058fbe	bt_bb_dpo_set+0x4	0x00000000	0x00000000	1
265320	0x60011038	wr	0x42058fce	bt_bb_dpo_set+0x14	0x00000300	0x00000300	1
265321	0x60011024	rd	0x42058fd0	bt_bb_dpo_set+0x16	0x00000000	0x00000000	1
265322	0x60011024	wr	0x42058fda	bt_bb_dpo_set+0x20	0x30000000	0x30000000	1
265323	0x60011020	rd	0x42058fdc	bt_bb_dpo_set+0x22	0x00000000	0x00000000	1
265324	0x60011020	wr	0x42058fea	bt_bb_dpo_set+0x30	0x00018000	0x00018000	1
265325	0x60011020	rd	0x42058fec	bt_bb_dpo_set+0x32	0x00018000	0x00018000	1
265326	0x60011020	wr	0x42058ffe	bt_bb_dpo_set+0x44	0x00019800	0x00019800	1
265327	0x60011020	rd	0x42059000	bt_bb_dpo_set+0x46	0x00019800	0x00019800	1
265328	0x60011020	wr	0x4205900a	bt_bb_dpo_set+0x50	0x00019806	0x00019806	1
265329	0x60011024	rd	0x4205900c	bt_bb_dpo_set+0x52	0x30000000	0x30000000	1
265330	0x60011024	wr	0x42059010	bt_bb_dpo_set+0x56	0x30000000	0x30000000	1
265331	0x60011028	rd	0x42059012	bt_bb_dpo_set+0x58	0x00000000	0x00000000	1
265332	0x60011028	wr	0x4205901c	bt_bb_dpo_set+0x62	0x00000020	0x00000020	1
265335	0x600118ac	rd	0x42059040	bt_bb_restart_set+0x20	0x00000000	0x00000000	1
265336	0x600118ac	wr	0x42059052	bt_bb_restart_set+0x32	0x00031000	0x00031000	1
265339	0x600118a4	rd	0x4205906e	bt_bb_restart_set+0x4e	0x00000000	0x00000000	1
265340	0x600118a4	wr	0x42059080	bt_bb_restart_set+0x60	0x0000000f	0x0000000f	1
265343	0x60011888	rd	0x4205908c	bt_bb_restart_set+0x6c	0x00000000	0x00000000	1
265344	0x60011888	wr	0x42059098	bt_bb_restart_set+0x78	0x00000000	0x00000000	1
265347	0x600118ac	rd	0x420590b2	bt_bb_restart_set+0x92	0x00031000	0x00031000	1
265348	0x600118ac	wr	0x420590c6	bt_bb_restart_set+0xa6	0x00031d80	0x00031d80	1
265351	0x600118a4	rd	0x420590e0	bt_bb_restart_set+0xc0	0x0000000f	0x0000000f	1
265352	0x600118a4	wr	0x420590f2	bt_bb_restart_set+0xd2	0x0140000f	0x0140000f	1
265355	0x600118a4	rd	0x4205910e	bt_bb_restart_set+0xee	0x0140000f	0x0140000f	1
265356	0x600118a4	wr	0x42059116	bt_bb_restart_set+0xf6	0x0145000f	0x0145000f	1
265359	0x600118ac	rd	0x4205912a	bt_bb_restart_set+0x10a	0x00031d80	0x00031d80	1
265360	0x600118ac	wr	0x42059136	bt_bb_restart_set+0x116	0x00031db1	0x00031db1	1
265363	0x60011898	rd	0x42059168	bt_bb_target_set+0x2c	0x00000000	0x00000000	1
265364	0x60011898	wr	0x4205917c	bt_bb_target_set+0x40	0x000001c8	0x000001c8	1
265367	0x6001189c	rd	0x42059196	bt_bb_target_set+0x5a	0x00000000	0x00000000	1
265368	0x6001189c	wr	0x420591aa	bt_bb_target_set+0x6e	0x000001c8	0x000001c8	1
265371	0x60011840	rd	0x420591be	bt_bb_target_set+0x82	0x00000000	0x00000000	1
265372	0x60011840	wr	0x420591d2	bt_bb_target_set+0x96	0x00390000	0x00390000	1
265375	0x6001189c	rd	0x420591fa	bt_bb_target_set+0xbe	0x000001c8	0x000001c8	1
265376	0x6001189c	wr	0x42059204	bt_bb_target_set+0xc8	0x000391c8	0x000391c8	1
265377	0x600118b0	rd	0x42059208	bt_bb_target_set+0xcc	0x00000000	0x00000000	1
265378	0x600118b0	wr	0x42059214	bt_bb_target_set+0xd8	0xe4000000	0xe4000000	1
265379	0x600118b0	rd	0x42059218	bt_bb_target_set+0xdc	0xe4000000	0xe4000000	1
265380	0x600118b0	wr	0x42059232	bt_bb_target_set+0xf6	0xe4720000	0xe4720000	1
265383	0x60011898	rd	0x42059250	bt_bb_target_set+0x114	0x000001c8	0x000001c8	1
265384	0x60011898	wr	0x42059268	bt_bb_target_set+0x12c	0x000019c8	0x000019c8	1
265387	0x6001189c	rd	0x42059284	bt_bb_target_set+0x148	0x000391c8	0x000391c8	1
265388	0x6001189c	wr	0x42059290	bt_bb_target_set+0x154	0x003391c8	0x003391c8	1
265391	0x60011894	rd	0x420592a4	bt_bb_target_set+0x168	0x00000000	0x00000000	1
265392	0x60011894	wr	0x420592ae	bt_bb_target_set+0x172	0x00720000	0x00720000	1
265395	0x60011894	rd	0x420592be	bt_bb_target_set+0x182	0x00720000	0x00720000	1
265396	0x60011894	wr	0x420592ca	bt_bb_target_set+0x18e	0xe4720000	0xe4720000	1
265399	0x600118ac	rd	0x420592ee	bt_bb_detect_set+0x1e	0x00031db1	0x00031db1	1
265400	0x600118ac	wr	0x42059300	bt_bb_detect_set+0x30	0x006b1db1	0x006b1db1	1
265403	0x600118a0	rd	0x42059318	bt_bb_detect_set+0x48	0x00000000	0x00000000	1
265404	0x600118a0	wr	0x42059326	bt_bb_detect_set+0x56	0x03000000	0x03000000	1
265405	0x600118a8	rd	0x4205932a	bt_bb_detect_set+0x5a	0x00000000	0x00000000	1
265406	0x600118a8	wr	0x42059336	bt_bb_detect_set+0x66	0x00100000	0x00100000	1
265411	0x60011854	rd	0x4205940e	bt_bb_gain_set+0x1c	0x00000000	0x00000000	1
265412	0x60011854	wr	0x4205941a	bt_bb_gain_set+0x28	0x00000001	0x00000001	1
265413	0x6001104c	rd	0x4205941e	bt_bb_gain_set+0x2c	0x00000010	0x00000010	1
265414	0x6001104c	wr	0x42059424	bt_bb_gain_set+0x32	0x00000014	0x00000014	1
265415	0x60011854	rd	0x42059426	bt_bb_gain_set+0x34	0x00000001	0x00000001	1
265416	0x60011854	wr	0x42059432	bt_bb_gain_set+0x40	0x000000f1	0x000000f1	1
265417	0x60011854	rd	0x42059436	bt_bb_gain_set+0x44	0x000000f1	0x000000f1	1
265418	0x60011854	wr	0x4205943e	bt_bb_gain_set+0x4c	0x000000f1	0x000000f1	1
265421	0x60011850	rd	0x42059350	bt_agc_gain_max+0x4	0x00000000	0x0013e7cf	3
265422	0x60011850	wr	0x42059368	bt_agc_gain_max+0x1c	0x0013c000	0x0013e7cf	3
265423	0x60011850	rd	0x4205936e	bt_agc_gain_max+0x22	0x0013c000	0x0013e7cf	3
265424	0x60011850	wr	0x42059386	bt_agc_gain_max+0x3a	0x0013e780	0x0013e7cf	3
265425	0x60011850	rd	0x4205938a	bt_agc_gain_max+0x3e	0x0013e780	0x0013e7cf	3
265426	0x60011850	wr	0x42059398	bt_agc_gain_max+0x4c	0x0013e7cf	0x0013e7cf	3
265427	0x60011850	rd	0x42059454	bt_bb_gain_set+0x62	0x0013e7cf	0x0013e7cf	1
265428	0x60011850	wr	0x4205946a	bt_bb_gain_set+0x78	0x0013e7cf	0x0013e7cf	1
265429	0x60011848	rd	0x4205946e	bt_bb_gain_set+0x7c	0x00500000	0x00500000	1
265430	0x60011848	wr	0x42059480	bt_bb_gain_set+0x8e	0x00500000	0x00500000	1
265431	0x6001184c	rd	0x42059484	bt_bb_gain_set+0x92	0x00000000	0x00000000	1
265432	0x6001184c	wr	0x42059490	bt_bb_gain_set+0x9e	0x04000000	0x04000000	1
265433	0x6001184c	rd	0x42059494	bt_bb_gain_set+0xa2	0x04000000	0x04000000	1
265434	0x6001184c	wr	0x420594a8	bt_bb_gain_set+0xb6	0x04002710	0x04002710	1
265435	0x60011844	rd	0x420593a8	bt_rx_gain_comp+0xa	0x00000000	0x00000000	1
265436	0x60011844	wr	0x420593c0	bt_rx_gain_comp+0x22	0x00003400	0x00003400	1
265437	0x60011844	rd	0x420593c4	bt_rx_gain_comp+0x26	0x00003400	0x00003400	1
265438	0x60011844	wr	0x420593d6	bt_rx_gain_comp+0x38	0x00003468	0x00003468	1
265439	0x60011844	rd	0x420593da	bt_rx_gain_comp+0x3c	0x00003468	0x00003468	1
265440	0x60011844	wr	0x420593ec	bt_rx_gain_comp+0x4e	0x00d03468	0x00d03468	1
265443	0x600118a0	rd	0x420594d4	bt_bb_v2_rx_rssi_thresh+0x22	0x03000000	0x239c000a	3
265444	0x600118a0	wr	0x420594e4	bt_bb_v2_rx_rssi_thresh+0x32	0x039c0000	0x239c000a	3
265447	0x600118ac	rd	0x42059500	bt_bb_v2_rx_rssi_thresh+0x4e	0x006b1db1	0x496b1db1	3
265448	0x600118ac	wr	0x42059514	bt_bb_v2_rx_rssi_thresh+0x62	0x496b1db1	0x496b1db1	3
265451	0x60011840	rd	0x42058eaa	bt_bb_v2_recorrect+0x1e	0x00390000	0x00390000	1
265452	0x60011840	wr	0x42058ebe	bt_bb_v2_recorrect+0x32	0x00390800	0x00390800	1
265455	0x60011868	rd	0x42058ed2	bt_bb_v2_recorrect+0x46	0x00000000	0x00000000	1
265456	0x60011868	wr	0x42058eda	bt_bb_v2_recorrect+0x4e	0x00002000	0x00002000	1
265457	0x60011868	rd	0x42058ede	bt_bb_v2_recorrect+0x52	0x00002000	0x00002000	1
265458	0x60011868	wr	0x42058eec	bt_bb_v2_recorrect+0x60	0x00002020	0x00002020	1
265459	0x60011868	rd	0x42058ef0	bt_bb_v2_recorrect+0x64	0x00002020	0x00002020	1
265460	0x60011868	wr	0x42058ef6	bt_bb_v2_recorrect+0x6a	0x00003020	0x00003020	1
265461	0x60011868	rd	0x42058efa	bt_bb_v2_recorrect+0x6e	0x00003020	0x00003020	1
265462	0x60011868	wr	0x42058f08	bt_bb_v2_recorrect+0x7c	0x0000302a	0x0000302a	1
265463	0x600118b0	rd	0x42058f0c	bt_bb_v2_recorrect+0x80	0xe4720000	0xe4720000	1
265464	0x600118b0	wr	0x42058f14	bt_bb_v2_recorrect+0x88	0xe4721400	0xe4721400	1
265465	0x600118b0	rd	0x42058f18	bt_bb_v2_recorrect+0x8c	0xe4721400	0xe4721400	1
265466	0x600118b0	wr	0x42058f24	bt_bb_v2_recorrect+0x98	0xe47214a0	0xe47214a0	1
265469	0x60011888	rd	0x420595c0	bt_bb_v2_rx_set+0x7c	0x00000000	0x00000000	1
265470	0x60011888	wr	0x420595cc	bt_bb_v2_rx_set+0x88	0x00000000	0x00000000	1
265471	0x60011888	rd	0x420595d0	bt_bb_v2_rx_set+0x8c	0x00000000	0x00000000	1
265472	0x60011888	wr	0x420595dc	bt_bb_v2_rx_set+0x98	0x00000000	0x00000000	1
265473	0x600118a0	rd	0x420595e0	bt_bb_v2_rx_set+0x9c	0x039c0000	0x039c0000	1
265474	0x600118a0	wr	0x420595f2	bt_bb_v2_rx_set+0xae	0x239c0000	0x239c0000	1
265475	0x600118a0	rd	0x420595f6	bt_bb_v2_rx_set+0xb2	0x239c0000	0x239c0000	1
265476	0x600118a0	wr	0x42059604	bt_bb_v2_rx_set+0xc0	0x239c000a	0x239c000a	1
265477	0x60011858	wr	0x42059524	bt_bb_rx_inter_opt+0xa	0x4a4a4a4a	0x4a4a4a4a	1
265478	0x6001185c	wr	0x42059528	bt_bb_rx_inter_opt+0xe	0x4a4a4a4a	0x4a4a4a4a	1
265479	0x60011864	wr	0x42059530	bt_bb_rx_inter_opt+0x16	0x00000404	0x00000404	1
265480	0x60011868	rd	0x42059534	bt_bb_rx_inter_opt+0x1a	0x0000302a	0x0000302a	1
265481	0x60011868	wr	0x4205953e	bt_bb_rx_inter_opt+0x24	0x0000000a	0x0000000a	1
265482	0x6001104c	rd	0x42058e82	bt_bb_filter_sel+0x4	0x00000014	0x00000014	1
265483	0x6001104c	wr	0x42058e88	bt_bb_filter_sel+0xa	0x00000014	0x00000014	1
265488	0x600310f8	rd	0x4000390c	r_cali_phase_match_p+0x30	0x00000000	0x00000000	1
265489	0x600310f8	wr	0x40003916	r_cali_phase_match_p+0x3a	0x00000000	0x00000000	1
265490	0x600310f8	rd	0x4000391a	r_cali_phase_match_p+0x3e	0x00000000	0x00000000	1
265491	0x600310f8	wr	0x40003926	r_cali_phase_match_p+0x4a	0x00000000	0x00000000	1
265492	0x600310f8	rd	0x4000392a	r_cali_phase_match_p+0x4e	0x00000000	0x00000000	1
265493	0x600310f8	wr	0x40003938	r_cali_phase_match_p+0x5c	0x00000000	0x00000000	1
265494	0x600310f8	rd	0x4000393c	r_cali_phase_match_p+0x60	0x00000000	0x00000000	1
265495	0x600310f8	wr	0x40003944	r_cali_phase_match_p+0x68	0x00000001	0x00000001	1
265496	0x600310f8	rd	0x4000394c	r_cali_phase_match_p+0x70	0x00000001	0x00000001	1
265497	0x600310f8	rd	0x4000396e	r_cali_phase_match_p+0x92	0x00000001	0x00000321	15
265498	0x600310f8	wr	0x4000397a	r_cali_phase_match_p+0x9e	0x00000000	0x00000320	15
265499	0x600310f8	rd	0x4000397e	r_cali_phase_match_p+0xa2	0x00000000	0x00000320	15
265500	0x600310f8	wr	0x4000398a	r_cali_phase_match_p+0xae	0x00000000	0x00000320	15
265501	0x600310f8	rd	0x4000398e	r_cali_phase_match_p+0xb2	0x00000000	0x00000320	15
265502	0x600310f8	wr	0x4000399c	r_cali_phase_match_p+0xc0	0x00000010	0x00000330	15
265503	0x600310f8	rd	0x400039a0	r_cali_phase_match_p+0xc4	0x00000010	0x00000330	15
265504	0x600310f8	wr	0x400039a8	r_cali_phase_match_p+0xcc	0x00000011	0x00000331	15
265505	0x600310f8	rd	0x400039b0	r_cali_phase_match_p+0xd4	0x00000011	0x00000331	15
265696	0x60031000	wr	0x4203cb94	r_lld_core_init+0x158	0x0010060f	0x0010060f	2
265697	0x600310e0	wr	0x4203cbee	r_lld_core_init+0x1b2	0x0190012c	0x0190012c	2
265698	0x600312d8	rd	0x4203cbfc	r_lld_core_init+0x1c0	0x00000000	0x8000001e	2
265699	0x600312d8	wr	0x4203cc04	r_lld_core_init+0x1c8	0x80000000	0x8000001e	2
265700	0x600312d8	rd	0x4203cc06	r_lld_core_init+0x1ca	0x80000000	0x8000001e	2
265701	0x600312d8	wr	0x4203cc0c	r_lld_core_init+0x1d0	0x8000001e	0x8000001e	2
265702	0x6003100c	wr	0x4203cc1a	r_lld_core_init+0x1de	0x00640166	0x00640166	2
265703	0x60031120	wr	0x4203cc26	r_lld_core_init+0x1ea	0xffff02d9	0xffff02d9	2
265704	0x60031130	wr	0x4203cc34	r_lld_core_init+0x1f8	0x000c0c00	0x000c0c00	2
265705	0x60031134	wr	0x4203cc40	r_lld_core_init+0x204	0x00000c00	0x00000c00	2
265706	0x60031138	wr	0x4203cc46	r_lld_core_init+0x20a	0x000c0c00	0x000c0c00	2
265707	0x6003113c	wr	0x4203cc4c	r_lld_core_init+0x210	0x00000c00	0x00000c00	2
265708	0x60031170	wr	0x4203cc5a	r_lld_core_init+0x21e	0x000a0c60	0x000a0c60	2
265709	0x60031174	wr	0x4203cc64	r_lld_core_init+0x228	0x00000c60	0x00000c60	2
265710	0x60031148	wr	0x4203cc6e	r_lld_core_init+0x232	0x00000010	0x00000010	2
265711	0x60031210	rd	0x400069f6	r_emi_get_mem_addr_by_offset+0x80	0x1002a000	0x1002a000	84
265712	0x60031210	rd	0x40006a68	r_emi_get_mem_addr_by_offset+0xf2	0x1002a000	0x1002a000	84
265715	0x6003124c	rd	0x400069f6	r_emi_get_mem_addr_by_offset+0x80	0x7802a2e8	0x7802a2e8	2
265716	0x6003124c	rd	0x40006a68	r_emi_get_mem_addr_by_offset+0xf2	0x7802a2e8	0x7802a2e8	2
265727	0x60031250	rd	0x400069f6	r_emi_get_mem_addr_by_offset+0x80	0x7c02a331	0x7c02a331	2
265728	0x60031250	rd	0x40006a68	r_emi_get_mem_addr_by_offset+0xf2	0x7c02a331	0x7c02a331	2
265739	0x60031254	rd	0x400069f6	r_emi_get_mem_addr_by_offset+0x80	0x8002a37a	0x8002a37a	2
265740	0x60031254	rd	0x40006a68	r_emi_get_mem_addr_by_offset+0xf2	0x8002a37a	0x8002a37a	2
265751	0x60031258	rd	0x400069f6	r_emi_get_mem_addr_by_offset+0x80	0x8402a3c3	0x8402a3c3	2
265752	0x60031258	rd	0x40006a68	r_emi_get_mem_addr_by_offset+0xf2	0x8402a3c3	0x8402a3c3	2
265763	0x6003125c	rd	0x400069f6	r_emi_get_mem_addr_by_offset+0x80	0x8802a40c	0x8802a40c	2
265764	0x6003125c	rd	0x40006a68	r_emi_get_mem_addr_by_offset+0xf2	0x8802a40c	0x8802a40c	2
265775	0x60031260	rd	0x400069f6	r_emi_get_mem_addr_by_offset+0x80	0x8c02a455	0x8c02a455	2
265776	0x60031260	rd	0x40006a68	r_emi_get_mem_addr_by_offset+0xf2	0x8c02a455	0x8c02a455	2
265787	0x60031264	rd	0x400069f6	r_emi_get_mem_addr_by_offset+0x80	0x9002a49e	0x9002a49e	2
265788	0x60031264	rd	0x40006a68	r_emi_get_mem_addr_by_offset+0xf2	0x9002a49e	0x9002a49e	2
265799	0x60031268	rd	0x400069f6	r_emi_get_mem_addr_by_offset+0x80	0x9402a4e7	0x9402a4e7	2
265800	0x60031268	rd	0x40006a68	r_emi_get_mem_addr_by_offset+0xf2	0x9402a4e7	0x9402a4e7	2
265811	0x6003126c	rd	0x400069f6	r_emi_get_mem_addr_by_offset+0x80	0x9802a530	0x9802a530	2
265812	0x6003126c	rd	0x40006a68	r_emi_get_mem_addr_by_offset+0xf2	0x9802a530	0x9802a530	2
265831	0x600312d4	rd	0x4203cd4e	r_lld_core_init+0x312	0x00000000	0x000000ff	2
265832	0x600312d4	wr	0x4203cd5a	r_lld_core_init+0x31e	0x000000ff	0x000000ff	2
265833	0x60031024	wr	0x4203cd80	r_lld_core_init+0x344	0x00001000	0x00001000	2
265834	0x60031208	rd	0x400069f6	r_emi_get_mem_addr_by_offset+0x80	0x04029e3e	0x04029e3e	71
265835	0x60031208	rd	0x40006a68	r_emi_get_mem_addr_by_offset+0xf2	0x04029e3e	0x04029e3e	71
265882	0x60031090	rd	0x4203cdda	r_lld_core_init+0x39e	0x0000000d	0x00200408	2
265883	0x60031094	rd	0x4203cdf6	r_lld_core_init+0x3ba	0x00020202	0x00020407	2
265884	0x60031098	rd	0x4203ce0c	r_lld_core_init+0x3d0	0x0f020202	0x0f020407	2
265885	0x60031098	rd	0x4203ce22	r_lld_core_init+0x3e6	0x0f020202	0x0f020407	2
265888	0x60031178	wr	0x4203ce4c	r_lld_core_init+0x410	0x80276f95	0x8012ec54	2
265891	0x6003117c	wr	0x4203ce64	r_lld_core_init+0x428	0x8012b493	0x801b0a7f	2
265892	0x60031000	rd	0x4203ce66	r_lld_core_init+0x42a	0x0010060f	0x0010060f	2
265893	0x60031000	wr	0x4203ce74	r_lld_core_init+0x438	0x0010070f	0x0010070f	2
265894	0x60031004	rd	0x4203ce76	r_lld_core_init+0x43a	0x09001b00	0x09001b00	2
265895	0x60031090	wr	0x40020458	r_lld_reset_reg+0xc	0x00200408	0x00200408	2
265896	0x60031094	wr	0x40020464	r_lld_reset_reg+0x18	0x00020407	0x00020407	2
265897	0x60031098	wr	0x40020470	r_lld_reset_reg+0x24	0x0f020407	0x0f020407	2
265898	0x6003109c	wr	0x4002047a	r_lld_reset_reg+0x2e	0x0a020008	0x0a020008	2
265899	0x6001104c	rd	0x40020482	r_lld_reset_reg+0x36	0x00000014	0x00000014	2
265900	0x6001104c	wr	0x40020488	r_lld_reset_reg+0x3c	0x00000014	0x00000014	2
265967	0x60031000	rd	0x42048506	r_rwip_driver_init+0x100	0x0010070f	0x0010070f	2
265968	0x60031000	wr	0x42048512	r_rwip_driver_init+0x10c	0x8010070f	0x8010070f	2
265969	0x60031000	rd	0x42048514	r_rwip_driver_init+0x10e	0x8010070f	0x0010070f	120180
312941	0x600312c4	rd	0x42039ff0	emi_reset_em_mapping_by_offset+0x24	0x07fe007f	0x07fe007f	30
312942	0x60031270	rd	0x4203a05c	emi_reset_em_mapping_by_offset+0x90	0x9c000000	0x9c000000	2
312944	0x60031274	rd	0x4203a05c	emi_reset_em_mapping_by_offset+0x90	0xa0000000	0xa0000000	2
312946	0x60031278	rd	0x4203a05c	emi_reset_em_mapping_by_offset+0x90	0xa4000000	0xa4000000	2
312948	0x6003127c	rd	0x4203a05c	emi_reset_em_mapping_by_offset+0x90	0xa8000000	0xa8000000	2
312950	0x60031280	rd	0x4203a05c	emi_reset_em_mapping_by_offset+0x90	0xac000000	0xac000000	2
312951	0x600312c8	rd	0x4203a0e2	emi_reset_em_mapping_by_offset+0x116	0x00000000	0x00000000	14
312952	0x60031284	rd	0x4203a05c	emi_reset_em_mapping_by_offset+0x90	0xb0000000	0xb0000000	2
312954	0x60031288	rd	0x4203a05c	emi_reset_em_mapping_by_offset+0x90	0xb4000000	0xb4000000	2
312956	0x6003128c	rd	0x4203a05c	emi_reset_em_mapping_by_offset+0x90	0xb8000000	0xb8000000	2
312958	0x60031290	rd	0x4203a05c	emi_reset_em_mapping_by_offset+0x90	0xbc000000	0xbc000000	2
312960	0x60031294	rd	0x4203a05c	emi_reset_em_mapping_by_offset+0x90	0xc0000000	0xc0000000	2
312962	0x60031298	rd	0x4203a05c	emi_reset_em_mapping_by_offset+0x90	0xc4000000	0xc4000000	2
312964	0x6003129c	rd	0x4203a05c	emi_reset_em_mapping_by_offset+0x90	0xc8000000	0xc8000000	2
312966	0x60031220	rd	0x4203a05c	emi_reset_em_mapping_by_offset+0x90	0x24000000	0x24000000	2
312968	0x60031224	rd	0x4203a05c	emi_reset_em_mapping_by_offset+0x90	0x2c000000	0x2c000000	2
312970	0x60031228	rd	0x4203a05c	emi_reset_em_mapping_by_offset+0x90	0x34000000	0x34000000	2
312972	0x6003122c	rd	0x4203a05c	emi_reset_em_mapping_by_offset+0x90	0x3c000000	0x3c000000	2
312974	0x60031230	rd	0x4203a05c	emi_reset_em_mapping_by_offset+0x90	0x44000000	0x44000000	2
312976	0x60031234	rd	0x4203a05c	emi_reset_em_mapping_by_offset+0x90	0x4c000000	0x4c000000	2
312978	0x60031238	rd	0x4203a05c	emi_reset_em_mapping_by_offset+0x90	0x54000000	0x54000000	2
312980	0x6003123c	rd	0x4203a05c	emi_reset_em_mapping_by_offset+0x90	0x5c000000	0x5c000000	2
312982	0x60031240	rd	0x4203a05c	emi_reset_em_mapping_by_offset+0x90	0x64000000	0x64000000	2
312984	0x60031244	rd	0x4203a05c	emi_reset_em_mapping_by_offset+0x90	0x6c000000	0x6c000000	2
312985	0x600310f8	rd	0x42039620	rw_rf_le_exit_test_mode+0x8	0x00000331	0x00000331	2
312986	0x600310f8	wr	0x42039634	rw_rf_le_exit_test_mode+0x1c	0x00000331	0x00000331	2
312987	0x60031098	rd	0x42039658	rw_rf_le_exit_test_mode+0x40	0x0f020407	0x0f020407	2
312988	0x60031098	wr	0x42039668	rw_rf_le_exit_test_mode+0x50	0x0f020407	0x0f020407	2
312989	0x6003109c	rd	0x4203966e	rw_rf_le_exit_test_mode+0x56	0x0a020008	0x0a020008	2
312990	0x6003109c	wr	0x4203967e	rw_rf_le_exit_test_mode+0x66	0x0a020008	0x0a020008	2
313078	0x60031530	rd	0x42059868	coex_pti_v2+0x1c	0x00000000	0x00000000	1
313079	0x60031530	wr	0x42059870	coex_pti_v2+0x24	0x000000f0	0x000000f0	1
313080	0x60031150	rd	0x42059874	coex_pti_v2+0x28	0x00000003	0x00000003	1
313081	0x60031150	wr	0x4205987c	coex_pti_v2+0x30	0x000000f3	0x000000f3	1
313094	0x60031530	rd	0x420598ee	coex_pti_v2+0xa2	0x000000f0	0x000000f0	1
313095	0x60031530	wr	0x420598f6	coex_pti_v2+0xaa	0x000000f1	0x000000f1	1
313096	0x60031150	rd	0x420598fa	coex_pti_v2+0xae	0x000000f3	0x000000f3	1
313097	0x60031150	wr	0x42059902	coex_pti_v2+0xb6	0x000000f3	0x000000f3	1
313098	0x60031048	rd	0x42059906	coex_pti_v2+0xba	0x00000000	0x00000000	1
313099	0x60031048	wr	0x4205990c	coex_pti_v2+0xc0	0x00000100	0x00000100	1
313100	0x60031048	rd	0x4205990e	coex_pti_v2+0xc2	0x00000100	0x00000100	1
313101	0x60031048	wr	0x42059914	coex_pti_v2+0xc8	0x000001f0	0x000001f0	1
315381	0x60031000	rd	0x42047f40	r_rwble_hw_disable+0xa	0x0010070f	0x0010070f	1
315382	0x60031000	wr	0x42047f4a	r_rwble_hw_disable+0x14	0x0010060f	0x0010060f	1
315383	0x60031000	rd	0x42047f4c	r_rwble_hw_disable+0x16	0x0010060f	0x0010060f	1
315384	0x60031000	wr	0x42047f50	r_rwble_hw_disable+0x1a	0x8010060f	0x8010060f	1
315385	0x60031000	rd	0x42047f52	r_rwble_hw_disable+0x1c	0x8010060f	0x0010060f	50307
365707	0x6003100c	wr	0x42047f5a	r_rwble_hw_disable+0x24	0x00000000	0x00000000	1
365708	0x60031018	wr	0x42047f5e	r_rwble_hw_disable+0x28	0xffffffff	0xffffffff	1
365709	0x600312d8	rd	0x42047f6e	r_rwble_hw_disable+0x38	0x8000001e	0x8000001e	1
365710	0x600312d8	wr	0x42047f76	r_rwble_hw_disable+0x40	0x8000001e	0x8000001e	1
365713	0x6003120c	rd	0x400069f6	r_emi_get_mem_addr_by_offset+0x80	0x0c029f5f	0x0c029f5f	81
365714	0x6003120c	rd	0x40006a68	r_emi_get_mem_addr_by_offset+0xf2	0x0c029f5f	0x0c029f5f	81
365777	0x600310d0	rd	0x4203caa2	r_lld_core_init+0x66	0x00000000	0x00000000	1
365778	0x600310d0	wr	0x4203caaa	r_lld_core_init+0x6e	0x00000000	0x00000000	1
365779	0x60031050	wr	0x4203caac	r_lld_core_init+0x70	0x00000000	0x00000000	1
460923	0x6003132c	wr	0x4002c64a	r_llm_activity_free_get+0xa2	0x00000000	0x00000000	1
460936	0x600312c4	rd	0x40006c20	r_emi_alloc_em_mapping_by_offset+0x2e	0x07fe007f	0x07fe00ff	2
460937	0x60031220	rd	0x40006cda	r_emi_alloc_em_mapping_by_offset+0xe8	0x24000000	0x24000000	1
460943	0x60031220	rd	0x40006d4c	r_emi_alloc_em_mapping_by_offset+0x15a	0x24000000	0x24000000	1
460944	0x60031220	wr	0x40006d58	r_emi_alloc_em_mapping_by_offset+0x166	0x24027197	0x24027197	1
460945	0x600312c4	rd	0x40006d86	r_emi_alloc_em_mapping_by_offset+0x194	0x07fe007f	0x07fe00ff	2
460946	0x600312c4	wr	0x40006d98	r_emi_alloc_em_mapping_by_offset+0x1a6	0x07fe00ff	0x07fe01ff	2
460947	0x60031220	rd	0x400069f6	r_emi_get_mem_addr_by_offset+0x80	0x24027197	0x24027197	1
460948	0x60031220	rd	0x40006a68	r_emi_get_mem_addr_by_offset+0xf2	0x24027197	0x24027197	1
461147	0x60031224	rd	0x40006cda	r_emi_alloc_em_mapping_by_offset+0xe8	0x2c000000	0x2c000000	1
461153	0x60031224	rd	0x40006d4c	r_emi_alloc_em_mapping_by_offset+0x15a	0x2c000000	0x2c000000	1
461154	0x60031224	wr	0x40006d58	r_emi_alloc_em_mapping_by_offset+0x166	0x2c0271a0	0x2c0271a0	1
461157	0x60031224	rd	0x400069f6	r_emi_get_mem_addr_by_offset+0x80	0x2c0271a0	0x2c0271a0	1
461158	0x60031224	rd	0x40006a68	r_emi_get_mem_addr_by_offset+0xf2	0x2c0271a0	0x2c0271a0	1
461543	0x60031330	wr	0x4002c64a	r_llm_activity_free_get+0xa2	0x00000000	0x00000000	1
465915	0x60031214	rd	0x400069f6	r_emi_get_mem_addr_by_offset+0x80	0x1402a037	0x1402a037	20
465916	0x60031214	rd	0x40006a68	r_emi_get_mem_addr_by_offset+0xf2	0x1402a037	0x1402a037	20
479997	0x600310ec	wr	0x4002f312	r_rwip_timer_hus_set+0x70	0x0000033f	0x0000033f	1
479998	0x600310f0	wr	0x4002f34c	r_rwip_timer_hus_set+0xaa	0x00000270	0x00000270	1
479999	0x60031018	wr	0x4002f354	r_rwip_timer_hus_set+0xb2	0x00000800	0x00000800	1
480000	0x6003138c	wr	0x4002f358	r_rwip_timer_hus_set+0xb6	0x00000800	0x00000800	1
480001	0x6003100c	rd	0x4002f360	r_rwip_timer_hus_set+0xbe	0x00640166	0x00640166	1
480002	0x6003100c	wr	0x4002f372	r_rwip_timer_hus_set+0xd0	0x00640966	0x00640966	1
487615	0x60031178	wr	0x4203da4a	lld_rpa_renew_start+0x48	0x80221ab2	0x80221ab2	1
487618	0x6003117c	wr	0x4203da5e	lld_rpa_renew_start+0x5c	0x8028660f	0x8028660f	1
