first_event	address	kind	pc	first_value	last_value	count
7193	0x6000e044	rd	0x403cc910	0x07000000	0x07000000	1
7194	0x6000e044	wr	0x403cc91c	0x0703ff00	0x0703ff00	1
7195	0x6000e044	rd	0x403cc91e	0x0703ff00	0x0703ff00	1
7196	0x6000e044	wr	0x403cc92a	0x0701ff00	0x0701ff00	1
7212	0x6000e040	rd	0x403d1466	0x07000000	0x07000000	1
7213	0x6000e040	wr	0x403d146a	0x07000000	0x07000000	1
7214	0x6000e040	rd	0x403d146c	0x07000000	0x07000000	1
7215	0x6000e040	wr	0x403d1472	0x07000008	0x07000008	1
7216	0x6000e048	rd	0x40038e34	0x07000000	0x0701ff40	40
7217	0x6000e048	wr	0x40038e4a	0x0701ff40	0x0701ff40	40
7218	0x6000e000	rd	0x400391ac	0x00000000	0x04400561	22
7219	0x6000e000	wr	0x400391c4	0x056b0466	0x05470561	22
7220	0x6000e000	rd	0x400391c6	0x056b0466	0x05470561	22
7233	0x6000e044	wr	0x40038e60	0xfffdffff	0xfffffdff	1014
7234	0x6000e000	wr	0x40038e78	0x04000566	0x04000669	51
7235	0x6000e000	rd	0x40038e7a	0x04000566	0x040b0669	51
7236	0x6000e000	rd	0x40038e84	0x04000566	0x040b0669	51
191062	0x6001d054	rd	0x4038997e	0x00000000	0x00000000	1
191063	0x6001d054	wr	0x4038998e	0x00000000	0x00000000	1
191064	0x6001d054	rd	0x40389990	0x00000000	0x00000000	1
191065	0x6001d054	wr	0x40389998	0x00000000	0x00000000	1
191066	0x6001ccd4	rd	0x403899a2	0x00000000	0x00000000	1
191067	0x6001ccd4	wr	0x403899b4	0x00000000	0x00000000	1
191068	0x6001ccd4	rd	0x403899b6	0x00000000	0x00000000	1
191069	0x6001ccd4	wr	0x403899c2	0x00000000	0x00000000	1
191070	0x6001ccd4	rd	0x403899c4	0x00000000	0x00000000	1
191071	0x6001ccd4	wr	0x403899ca	0x00000000	0x00000000	1
191072	0x60006090	rd	0x403899d4	0x00000000	0x00000000	1
191073	0x60006090	wr	0x403899e2	0x00000000	0x00000000	1
191074	0x600050f0	rd	0x403899ec	0x00000000	0x00000000	1
191075	0x600050f0	wr	0x403899f4	0x00000000	0x00000000	1
213936	0x6000e0c4	rd	0x403882b6	0x00000000	0x00000000	1
213937	0x6000e0c4	wr	0x403882c2	0x02000000	0x02000000	1
213940	0x6000e000	rd	0x40388400	0x05470561	0x05470561	1
213941	0x6000e004	rd	0x4038840e	0x00000000	0x00000000	1
213943	0x6000e040	rd	0x4003ac52	0x07000008	0x07000448	2
213944	0x6000e040	wr	0x4003ac5c	0x07000008	0x07000444	2
213947	0x6000e048	rd	0x40388c9a	0x0701ff40	0x0701fe00	1507
213948	0x6000e048	wr	0x40388cac	0x0701fe00	0x0701fe00	1507
213949	0x6000e000	wr	0x40388e00	0x05cc006a	0x050a0669	32
213950	0x6000e000	rd	0x40388e02	0x05cc006a	0x050a0669	32
214065	0x6000e130	rd	0x4038824c	0x00000000	0x00000000	1
214066	0x6000e130	wr	0x40388256	0x00000000	0x00000000	1
214067	0x6000e130	rd	0x4038825a	0x00000000	0x00000000	1
214068	0x6000e130	wr	0x40388264	0x00020000	0x00020000	1
214069	0x6000e040	rd	0x4003c1aa	0x07000008	0x07000008	1
214070	0x6000e040	wr	0x4003c1b8	0x07000408	0x07000408	1
214071	0x6000e040	rd	0x4003c1ba	0x07000408	0x07000408	1
214072	0x6000e040	wr	0x4003c1c4	0x07000448	0x07000448	1
214073	0x6000e054	rd	0x4003c1c6	0x07000000	0x07000000	1
214074	0x6000e054	wr	0x4003c1d0	0x07000f0f	0x07000f0f	1
214075	0x6000e060	rd	0x4003c1d2	0x00000000	0x00000000	1
214076	0x6000e060	wr	0x4003c1e8	0x00ff3800	0x00ff3800	1
214077	0x6000e058	rd	0x4003c1ea	0x07000000	0x07000000	1
214078	0x6000e058	wr	0x4003c1f4	0x07000064	0x07000064	1
214079	0x6000e058	rd	0x4003c1f6	0x07000064	0x07000064	1
214080	0x6000e058	wr	0x4003c1fa	0x07ff0064	0x07ff0064	1
214081	0x6000e05c	rd	0x4003c1fc	0x07000000	0x07000000	1
214082	0x6000e05c	wr	0x4003c208	0x0700aaaa	0x0700aaaa	1
214083	0x6000e050	rd	0x4003c20a	0x07000000	0x07000000	1
214084	0x6000e050	wr	0x4003c218	0x07000008	0x07000008	1
214085	0x6000e0c4	rd	0x4003c21a	0x02000000	0x02000000	1
214086	0x6000e0c4	wr	0x4003c226	0x02420000	0x02420000	1
214087	0x6000e0c4	rd	0x4003c22a	0x02420000	0x02420000	1
214088	0x6000e0c4	wr	0x4003c234	0x43420000	0x43420000	1
214089	0x6000e0c4	rd	0x4003c238	0x43420000	0x43420000	1
214090	0x6000e0c4	wr	0x4003c244	0x43420000	0x43420000	1
214091	0x6000e048	rd	0x4003c248	0x0701fe00	0x0701fe00	1
214092	0x6000e048	wr	0x4003c25a	0x0701ff40	0x0701ff40	1
214093	0x60006110	rd	0x4003c276	0x00000000	0x00000000	1
214094	0x60006110	wr	0x4003c280	0x01000000	0x01000000	1
214095	0x6000607c	rd	0x4003c284	0x00000000	0x00000000	1
214096	0x6000607c	wr	0x4003c28c	0xe0000000	0xe0000000	1
214097	0x60006078	rd	0x4003c28e	0x00000000	0x00000000	1
214098	0x60006078	wr	0x4003c296	0x02000000	0x02000000	1
214099	0x60006040	rd	0x4003c298	0x00000000	0x00000000	1
214100	0x60006040	wr	0x4003c2a0	0x20000000	0x20000000	1
214101	0x6000608c	rd	0x4003c2a2	0x00000000	0x00000000	1
214102	0x6000608c	wr	0x4003c2ae	0x00000000	0x00000000	1
214103	0x6000608c	rd	0x4003c2b2	0x00000000	0x00000000	1
214104	0x6000608c	wr	0x4003c2bc	0x06000000	0x06000000	1
214105	0x6000610c	rd	0x4003c2c0	0x00000000	0x00000000	1
214106	0x6000610c	wr	0x4003c2c8	0x00004000	0x00004000	1
214107	0x60006100	rd	0x4003c2cc	0x00000000	0x00000000	1
214108	0x60006100	wr	0x4003c2d8	0x00000000	0x00000000	1
214109	0x60006000	rd	0x4003c2dc	0x00000000	0x00000000	1
214110	0x60006000	wr	0x4003c2e6	0x00000000	0x00000000	1
214111	0x60006094	rd	0x4003c2e8	0x00000000	0x00000000	1
214112	0x60006094	wr	0x4003c2f6	0x00000000	0x00000000	1
214113	0x60006000	rd	0x4003c2fa	0x00000000	0x00000000	1
214114	0x60006000	wr	0x4003c304	0x02800000	0x02800000	1
214115	0x60006000	rd	0x4003c306	0x02800000	0x02800000	1
214116	0x60006000	wr	0x4003c30e	0x0e800000	0x0e800000	1
214127	0x6000e044	rd	0x42063376	0x3ffdffff	0x3ffdffff	1
214128	0x6000e044	wr	0x42063380	0x3ff9ffff	0x3ff9ffff	1
214129	0x6000e048	rd	0x42063386	0x0701ff40	0x0701ff40	1
214130	0x6000e048	wr	0x4206338c	0x0701ff40	0x0701ff40	1
214202	0x6000e05c	rd	0x40039d9e	0x0700aaaa	0x0700016a	10
214203	0x6000e05c	wr	0x40039da8	0x0700aaaa	0x0700016a	10
214204	0x6000e05c	rd	0x40039daa	0x0700aaaa	0x0700016a	10
214205	0x6000e05c	wr	0x40039db4	0x0700aaaa	0x0700016a	10
214206	0x6000e050	rd	0x40039db6	0x07000008	0x070000ca	10
214207	0x6000e050	wr	0x40039dbe	0x07000008	0x070000ca	10
214208	0x60006048	rd	0x40039dc0	0x00000000	0x00000080	10
214209	0x60006048	wr	0x40039dc6	0x00000080	0x00000080	10
214210	0x6000e050	rd	0x40039dc8	0x07000008	0x070000ca	10
214211	0x6000e050	wr	0x40039dce	0x070000c8	0x070000ca	10
214218	0x6000e060	rd	0x40039d68	0x00ff3800	0x00ff38da	10
214219	0x6000e060	wr	0x40039d6e	0x00ff3818	0x00ff38da	10
214220	0x6000e060	rd	0x40039d70	0x00ff3818	0x00ff38da	10
214221	0x6000e060	wr	0x40039d76	0x00ff3818	0x00ff38da	10
214222	0x6000e05c	rd	0x40039d78	0x0700aaaa	0x0700016a	10
214223	0x6000e05c	wr	0x40039d80	0x0700016a	0x0700016a	10
214226	0x6000e060	rd	0x4003a45c	0x00ff3818	0x00ff38da	3
214227	0x6000e060	wr	0x4003a464	0x00ff381a	0x00ff38da	3
214228	0x6000e058	rd	0x40388b2a	0x07ff0064	0x07ff0064	1
214229	0x6000e058	wr	0x40388b40	0x07ff0040	0x07ff0040	1
214230	0x6000e060	rd	0x40388b42	0x00ff381a	0x00ff381a	1
214231	0x6000e060	wr	0x40388b54	0x00ff381a	0x00ff381a	1
214232	0x60006000	rd	0x40388b5a	0x0e800000	0x0e800000	1
214233	0x60006000	wr	0x40388b66	0x0e800000	0x0e800000	1
214234	0x60006000	rd	0x40388b68	0x0e800000	0x0e800000	1
214235	0x60006000	wr	0x40388b70	0x0e800000	0x0e800000	1
214236	0x6000e048	rd	0x40388b72	0x0701fe00	0x0701fe00	1
214237	0x6000e048	wr	0x40388b84	0x0701fe00	0x0701fe00	1
214252	0x600060fc	rd	0x40388bb6	0x00000000	0x00000000	1
214253	0x600060fc	wr	0x40388bc6	0x1e1e0000	0x1e1e0000	1
214254	0x600060fc	rd	0x40388bca	0x1e1e0000	0x1e1e0000	1
214255	0x600060fc	wr	0x40388bd8	0x1e1ec800	0x1e1ec800	1
214256	0x60006110	rd	0x4205215e	0x01000000	0x01000000	1
214257	0x60006110	wr	0x42052166	0x01000000	0x01000000	1
214258	0x6000610c	rd	0x42053696	0x00004000	0x08004000	14
214259	0x6000610c	wr	0x420536a2	0x00004000	0x00004000	14
214260	0x60006104	rd	0x420536a6	0x00000000	0x00010004	14
214261	0x60006104	wr	0x420536ae	0x00000001	0x00010005	14
214262	0x60006104	rd	0x400393d2	0x00000001	0x0000e245	1251
214263	0x60006104	wr	0x400393f0	0x0000c00b	0x00010007	1251
214264	0x60006110	rd	0x400393f8	0x01000000	0x01000000	1251
214265	0x60006104	rd	0x40039400	0x0000c00b	0x00010007	1251
214266	0x60006104	wr	0x40039406	0x0000c009	0x00010005	1251
214322	0x60006104	rd	0x420536b4	0x00010005	0x00010005	14
214323	0x60006104	wr	0x420536be	0x00010004	0x00010004	14
214324	0x6000610c	rd	0x420536c2	0x00004000	0x00004000	14
214325	0x6000610c	wr	0x420536c8	0x08004000	0x08004000	14
214329	0x6000e048	rd	0x40388f80	0x0701fe00	0x0701fe00	1
214330	0x6000e048	wr	0x40388f94	0x07000100	0x07000100	1
214331	0x6000e000	wr	0x40038fec	0x011b016b	0x01050b6b	10
214332	0x6000e004	wr	0x40038fee	0x017f0362	0x01260267	10
214333	0x6000e000	rd	0x40038ff4	0x011b016b	0x01050b6b	10
214334	0x6000e004	rd	0x40039002	0x017f0362	0x01260267	10
214371	0x6000e048	rd	0x40388fa8	0x07000100	0x07000100	1
214372	0x6000e048	wr	0x40388fb6	0x0701fe00	0x0701fe00	1
214561	0x6000e004	wr	0x40388e00	0x05482467	0x057f026b	479
214562	0x6000e004	rd	0x40388e02	0x05482467	0x057f026b	479
214765	0x6000e004	wr	0x40038e78	0x04000267	0x04000063	963
214766	0x6000e004	rd	0x40038e7a	0x04260267	0x04170063	963
214767	0x6000e004	rd	0x40038e84	0x04260267	0x04170063	963
214829	0x6000e060	rd	0x4003a342	0x00ff381a	0x00ff38da	3
214830	0x6000e060	rd	0x4003a344	0x00ff381a	0x00ff38da	3
214831	0x6000e060	wr	0x4003a358	0x00ff381a	0x00ff38da	3
214832	0x6000e05c	rd	0x42054b5e	0x0700016a	0x0700016a	3
214833	0x6000e05c	wr	0x42054b6a	0x0720016a	0x0720016a	3
214834	0x6000e05c	rd	0x42054b6c	0x0720016a	0x0720016a	3
214835	0x6000e05c	wr	0x42054b76	0x0728016a	0x0728016a	3
214836	0x6000e050	rd	0x42054b7c	0x070000c8	0x070000ca	3
214837	0x6000e050	rd	0x42054b86	0x070000c8	0x070000ca	3
214838	0x6000e050	wr	0x42054b8c	0x070000c8	0x070000c8	3
214839	0x6000e050	rd	0x42054b8e	0x070000c8	0x070000c8	3
214840	0x6000e050	wr	0x42054b94	0x070000ca	0x070000ca	3
214843	0x6000e050	rd	0x42054ba4	0x070000ca	0x070000ca	3
214844	0x6000e05c	rd	0x42054bae	0x0728016a	0x0728016a	3
214845	0x6000e05c	wr	0x42054bb8	0x0708016a	0x0708016a	3
214846	0x6000e05c	rd	0x42054bba	0x0708016a	0x0708016a	3
214847	0x6000e05c	wr	0x42054bc6	0x0700016a	0x0700016a	3
214848	0x6000e080	rd	0x4003a2dc	0x00000000	0x00000000	381
214849	0x6000e084	rd	0x4003a2dc	0x00000000	0x00000000	381
214850	0x6000e088	rd	0x4003a2dc	0x00000000	0x00000000	381
214851	0x6000e08c	rd	0x4003a2dc	0x00000000	0x00000000	381
214852	0x6000e090	rd	0x4003a2dc	0x00000000	0x00000000	381
214853	0x6000e094	rd	0x4003a2dc	0x00000000	0x00000000	381
214854	0x6000e098	rd	0x4003a2dc	0x00000000	0x00000000	381
214855	0x6000e09c	rd	0x4003a2dc	0x00000000	0x00000000	381
214856	0x6000e060	rd	0x4003a362	0x00ff381a	0x00ff38da	3
214857	0x6000e060	wr	0x4003a36a	0x00ff381a	0x00ff38da	3
220652	0x6000e0c4	rd	0x42052b58	0x43420000	0x434200fd	255
220653	0x6000e0c4	wr	0x42052b6a	0x43420000	0x434200fe	255
220654	0x6000e148	wr	0x42052b6e	0x00008000	0x00000000	255
220655	0x6000e0c4	rd	0x42052b72	0x43420000	0x434200fe	255
220656	0x6000e0c4	wr	0x42052b7c	0x43420200	0x434202fe	255
220657	0x6000e0c4	rd	0x42052b80	0x43420200	0x434202fe	255
220658	0x6000e0c4	wr	0x42052b88	0x43420000	0x434200fe	255
222496	0x6000e0c4	rd	0x42052b98	0x434200fe	0x4342287c	2
222497	0x6000e0c4	wr	0x42052bbe	0x434228fe	0x4342287c	2
222498	0x6000e164	wr	0x42052bd2	0x00000001	0x00000001	2
222499	0x6000e100	rd	0x42052c88	0x00000000	0x11111111	16
222500	0x6000e100	wr	0x42052ca0	0x00000001	0x11111111	16
222515	0x6000e104	rd	0x42052ca8	0x00000000	0x00000011	4
222516	0x6000e104	wr	0x42052cc0	0x00000001	0x00000011	4
222519	0x6000e0d8	rd	0x42052cf2	0x00000000	0x01620063	4
222520	0x6000e0d8	wr	0x42052d0a	0x00000063	0x01620063	4
222523	0x6000e0dc	rd	0x42052d12	0x00000000	0x00630262	4
222524	0x6000e0dc	wr	0x42052d2c	0x00000262	0x00630262	4
222527	0x6000e0e0	rd	0x42052d32	0x00000000	0x05630363	4
222528	0x6000e0e0	wr	0x42052d4c	0x00000363	0x05630363	4
222531	0x6000e0e4	rd	0x42052d52	0x00000000	0x00630463	4
222532	0x6000e0e4	wr	0x42052d6c	0x00000463	0x00630463	4
222535	0x6000e0e8	rd	0x42052d72	0x00000000	0x03670b62	4
222536	0x6000e0e8	wr	0x42052d8c	0x00000b62	0x03670b62	4
222539	0x6000e128	rd	0x42052e3a	0x00000000	0x00000076	20
222540	0x6000e128	wr	0x42052e54	0x00000000	0x00000076	20
222541	0x6000e12c	rd	0x42052e60	0x00000000	0x00000076	20
222542	0x6000e12c	wr	0x42052e74	0x00000000	0x00000076	20
222543	0x6000e0d0	rd	0x42052ed4	0x00000000	0x1546010f	16
222544	0x6000e0d0	wr	0x42052ee6	0x0000000f	0x1546010f	16
222545	0x6000e11c	rd	0x42052eee	0x00000000	0x1546010f	16
222546	0x6000e11c	wr	0x42052f00	0x0000000f	0x1546010f	16
222607	0x6000e0d4	rd	0x42052f08	0x00000000	0x00000042	4
222608	0x6000e0d4	wr	0x42052f1a	0x00000002	0x00000042	4
222609	0x6000e120	rd	0x42052f22	0x00000000	0x00000032	4
222610	0x6000e120	wr	0x42052f34	0x00000002	0x00000032	4
222619	0x6000e118	rd	0x42052ff4	0x00000000	0x00000000	2
222620	0x6000e118	wr	0x42053016	0x00000000	0x00000000	2
222621	0x6000e118	rd	0x4205309a	0x00000000	0x00000000	2
222622	0x6000e118	wr	0x420530bc	0x00000000	0x00000000	2
222623	0x6000e0c8	rd	0x42052f76	0x00000000	0xf0681707	6
222624	0x6000e0c8	wr	0x42052f98	0x00000007	0xf0681707	6
222625	0x6000e0c8	rd	0x4205301c	0x00000007	0xf0681707	8
222626	0x6000e0c8	wr	0x4205303e	0x00000007	0xf0681707	8
222635	0x6000e0cc	rd	0x42052fa0	0x00000000	0x000000f4	2
222636	0x6000e0cc	wr	0x42052fc2	0x000000f4	0x000000f4	2
222641	0x6000e0c4	rd	0x42053566	0x434228fe	0x434228fe	1
222642	0x6000e0c4	wr	0x4205357c	0x434228fe	0x434228fe	1
222643	0x6000e0c4	rd	0x42053580	0x434228fe	0x434228fe	1
222644	0x6000e0c4	wr	0x42053596	0x434228fe	0x434228fe	1
222645	0x6000e0c4	rd	0x4205359a	0x434228fe	0x434228fe	1
222646	0x6000e0c4	wr	0x420535a6	0x434228fe	0x434228fe	1
222647	0x6000e0c4	rd	0x420535aa	0x434228fe	0x434228fe	1
222648	0x6000e0c4	wr	0x420535b6	0x434228fe	0x434228fe	1
222649	0x6000e0c4	rd	0x420535ba	0x434228fe	0x434228fe	1
222650	0x6000e0c4	wr	0x420535c6	0x434228fe	0x434228fe	1
222653	0x6000e060	rd	0x420108b2	0x00ff381a	0x00ff381a	1
222654	0x6000e060	wr	0x420108b8	0x00ff389a	0x00ff389a	1
222655	0x6000e060	rd	0x420108ba	0x00ff389a	0x00ff389a	1
222656	0x6000e060	wr	0x420108c0	0x00ff38da	0x00ff38da	1
222658	0x600060e0	rd	0x42053974	0x00000000	0x00000300	2
222659	0x600060e0	wr	0x42053992	0x00000300	0x05040300	2
222660	0x600060cc	wr	0x420539a6	0x000709ff	0x005401ff	42
222661	0x600060c8	rd	0x420539aa	0x00000000	0x00002800	42
222662	0x600060c8	wr	0x420539b8	0x00020000	0x00022900	42
222663	0x600060c8	rd	0x420539bc	0x00020000	0x00022900	42
222664	0x600060c8	wr	0x420539c4	0x00000000	0x00002900	42
222692	0x600060e4	rd	0x42053974	0x00000000	0x00000d06	2
222693	0x600060e4	wr	0x42053992	0x00000d06	0x0f0e0d06	2
222746	0x600060e8	rd	0x42053974	0x00000000	0x00001210	2
222747	0x600060e8	wr	0x42053992	0x00001210	0x14131210	2
222775	0x600060ec	rd	0x42053974	0x00000000	0x00001815	2
222776	0x600060ec	wr	0x42053992	0x00001815	0x1a191815	2
222809	0x600060f0	rd	0x42053974	0x00000000	0x0000221b	2
222810	0x600060f0	wr	0x42053992	0x0000221b	0x2423221b	2
222863	0x600060f4	rd	0x42053974	0x00000000	0x00002725	2
222864	0x600060f4	wr	0x42053992	0x00002725	0x29282725	2
222892	0x600060e0	rd	0x420537e0	0x05040300	0x05040300	1
222893	0x600060e4	rd	0x420537ec	0x0f0e0d06	0x0f0e0d06	1
222894	0x600060e8	rd	0x420537f4	0x14131210	0x14131210	1
222895	0x600060ec	rd	0x420537fc	0x1a191815	0x1a191815	1
222896	0x600060f0	rd	0x42053804	0x2423221b	0x2423221b	1
222897	0x600060f4	rd	0x4205380c	0x29282725	0x29282725	1
223002	0x6000e04c	rd	0x42057bd0	0x07000000	0x07113cf3	216
223003	0x6000e04c	wr	0x42057be2	0x07113cf1	0x07113cf1	216
223004	0x6000e04c	rd	0x42057be6	0x07113cf1	0x07113cf1	216
223005	0x6000e04c	wr	0x42057bf2	0x07113cf3	0x07113cf3	216
223006	0x6000e04c	rd	0x42057bf6	0x07113cf3	0x07113cf3	216
223007	0x6000e04c	rd	0x42057c02	0x07113cf3	0x07113cf3	216
223008	0x6000e04c	rd	0x42057c06	0x07113cf3	0x07113cf3	216
223422	0x6000e04c	rd	0x42057ce6	0x07113cf3	0x07113cf3	9
223423	0x6000e04c	wr	0x42057cfc	0x07113cf0	0x07113cf0	9
225247	0x60006110	rd	0x4003bb56	0x01000000	0x01030000	23
225248	0x60006110	wr	0x4003bb70	0x01030000	0x01000000	23
225347	0x60006040	rd	0x42055dd6	0x20000000	0x2003f020	34
225348	0x60006000	rd	0x42055dfa	0x0e800000	0x0e800000	34
225349	0x60006000	wr	0x42055e08	0x0a800000	0x0a800000	34
225350	0x600061e4	rd	0x42055e0c	0x00000000	0x00000000	34
225351	0x600061e4	wr	0x42055e14	0x00000400	0x00000400	34
225352	0x60006050	rd	0x42055e28	0x00000000	0x00000000	34
225353	0x60006050	wr	0x42055e3a	0x00000000	0x00000000	34
225354	0x60006050	rd	0x42055e3e	0x00000000	0x00000000	34
225355	0x60006050	wr	0x42055e52	0x00000000	0x00000000	34
225356	0x60006040	rd	0x42055e56	0x20000000	0x2003f020	34
225357	0x60006040	wr	0x42055e72	0x20062020	0x2007f020	34
225358	0x60006044	rd	0x42055e76	0x00000000	0x00000000	34
225359	0x60006044	wr	0x42055e86	0x00000000	0x00000000	34
225360	0x6000e05c	rd	0x4205852e	0x0700016a	0x0700016a	2
225361	0x6000e05c	wr	0x42058538	0x07000000	0x07000000	2
225362	0x60006040	rd	0x420549e4	0x20062020	0x20027008	378
225363	0x60006040	wr	0x420549f0	0x20062020	0x20067008	378
225364	0x6000e050	rd	0x42054a00	0x070000ca	0x070000ca	378
225365	0x6000e050	wr	0x42054a06	0x070000c8	0x070000c8	378
225366	0x6000e050	rd	0x42054a08	0x070000c8	0x070000c8	378
225367	0x6000e050	wr	0x42054a0e	0x070000ca	0x070000ca	378
225368	0x6000e050	rd	0x42054a1e	0x070000ca	0x070000ca	378
225369	0x60006040	rd	0x42054a2c	0x20062020	0x20067008	378
225370	0x60006040	wr	0x42054a38	0x20022020	0x20027008	378
225430	0x6000e05c	rd	0x4205853e	0x07000000	0x07000000	2
225431	0x6000e05c	wr	0x42058554	0x07005555	0x07005555	2
225500	0x6000e05c	rd	0x4205855c	0x07005555	0x07005555	2
225501	0x6000e05c	wr	0x4205856e	0x0700aaaa	0x0700aaaa	2
225502	0x60006040	rd	0x42055ee8	0x20022020	0x2007f020	28
225503	0x60006040	wr	0x42055eec	0x20022020	0x2003f020	28
225504	0x60006000	rd	0x42055ef2	0x0a800000	0x0a800000	28
225505	0x60006000	wr	0x42055efa	0x0e800000	0x0e800000	28
225506	0x600061e4	rd	0x42055efc	0x00000400	0x00000400	28
225507	0x600061e4	wr	0x42055f04	0x00000000	0x00000000	28
225640	0x6000e0c4	rd	0x420535d6	0x434228fe	0x434228a8	20
225641	0x6000e0c4	wr	0x420535ea	0x434228fe	0x434228a8	20
225642	0x6000e150	rd	0x420535f6	0x00000000	0x05400000	20
225643	0x6000e150	wr	0x42053608	0x00c00000	0x03e00000	20
225644	0x6000e0c4	rd	0x4205360c	0x434228fe	0x434228a8	20
225645	0x6000e0c4	wr	0x4205361e	0x43422818	0x4342287c	20
225647	0x6000e168	rd	0x40388284	0x00000000	0x00000000	120
225648	0x6000e168	rd	0x4205362c	0x00000000	0x00000000	60
225649	0x6000e0c4	rd	0x42053634	0x43422818	0x4342287c	60
225650	0x6000e0c4	wr	0x4205363e	0x43422918	0x4342297c	60
225651	0x6000e0c4	rd	0x42053642	0x43422918	0x4342297c	60
225652	0x6000e0c4	wr	0x4205364a	0x43422818	0x4342287c	60
225655	0x6000e168	rd	0x4205365e	0x00000000	0x00000000	60
225656	0x6000e170	rd	0x42053666	0x00000000	0x00000000	60
231156	0x60006040	rd	0x42058910	0x2006c020	0x20067008	8
231157	0x60006040	wr	0x42058918	0x2002c020	0x20027008	8
231776	0x6000607c	rd	0x42058276	0xe0000000	0xe0001800	3
231777	0x6000607c	wr	0x42058282	0xe0000800	0xe0001800	3
231778	0x6000607c	rd	0x42058284	0xe0000800	0xe0001800	3
231779	0x6000607c	wr	0x4205828c	0xe0000800	0xe0000800	3
231905	0x60006040	rd	0x42058306	0x20027020	0x20027020	3
232000	0x6000607c	rd	0x42055d54	0xe0000800	0xe8000800	16
232001	0x6000607c	wr	0x42055d5e	0xe0000800	0xe8000800	16
232002	0x6000607c	rd	0x42055d22	0xe0000800	0xe8000800	16
232003	0x6000607c	wr	0x42055d32	0xe0000800	0xe8000800	16
232004	0x60006040	rd	0x42057f24	0x20022020	0x282a5008	24
232005	0x60006040	wr	0x42057f3e	0x242e5020	0x202e2008	24
232006	0x60006050	rd	0x42057f40	0x00000000	0x00000000	24
232007	0x60006050	wr	0x42057f4a	0x00000000	0x00000000	24
232076	0x60006040	rd	0x42057f6c	0x242a5020	0x202a2008	24
232077	0x60006040	wr	0x42057f7c	0x282a5020	0x212a2008	24
233244	0x60006040	wr	0x42058366	0x20027020	0x20027020	3
233245	0x6000607c	rd	0x4205837e	0xe0000800	0xe0000800	3
233246	0x6000607c	wr	0x42058388	0xe0001800	0xe0001800	3
233374	0x60006110	rd	0x4003bb7a	0x01030000	0x0103c000	9
233375	0x60006110	wr	0x4003bb90	0x0103c000	0x01030000	9
235183	0x60006180	wr	0x4003a0ee	0x00000000	0x00000000	1
235184	0x60006184	wr	0x4003a0f6	0x11111111	0x11111111	1
235185	0x60006188	wr	0x4003a0fa	0x00000000	0x00000000	1
235186	0x6000618c	wr	0x4003a102	0x11111111	0x11111111	1
235187	0x60006190	wr	0x4003a10e	0x44445555	0x44445555	1
235188	0x60006194	wr	0x4003a116	0x22223333	0x22223333	1
235189	0x60006198	wr	0x4003a11a	0x44445555	0x44445555	1
235190	0x6000619c	wr	0x4003a11e	0x22223333	0x22223333	1
235191	0x600061a0	wr	0x4003a12a	0xa666a666	0xa666a666	1
235192	0x600061a4	wr	0x4003a136	0xb777b777	0xb777b777	1
235193	0x600061a8	wr	0x4003a142	0xc888c888	0xc888c888	1
235194	0x600061ac	wr	0x4003a152	0xd999d999	0xd999d999	1
235195	0x600061b0	wr	0x4003a15e	0x76543210	0x76543210	1
235196	0x600061b4	wr	0x4003a166	0xfedcba98	0xfedcba98	1
235197	0x600061b8	wr	0x4003a16a	0x76543210	0x76543210	1
235198	0x600061bc	wr	0x4003a16e	0xfedcba98	0xfedcba98	1
235253	0x60006118	rd	0x4003943a	0x00000000	0x00000000	47
238838	0x60006000	rd	0x4003a644	0x0e800000	0x0e800000	2
238839	0x600060cc	wr	0x4003ba70	0xfffe0000	0xffffcc00	301
238840	0x600060c8	wr	0x4003ba76	0x0001b0f0	0x0001adf0	301
238841	0x600060cc	wr	0x4003ba7c	0x001fffff	0x001fffff	301
238842	0x600060c8	wr	0x4003ba82	0x0001b00f	0x0001ad0f	301
238905	0x60006014	wr	0x4003a760	0xc0c0c0c0	0xc0c0c0c0	1
238906	0x60006018	wr	0x4003a77e	0xcad6cac0	0xcad6cac0	1
238907	0x6000601c	wr	0x4003a79c	0xccd8ccd6	0xccd8ccd6	1
238908	0x60006020	wr	0x4003a7ba	0xdfd7cbd8	0xdfd7cbd8	1
238909	0x6000e0c4	rd	0x42058e20	0x4342287c	0x434228f9	85
238910	0x6000e0c4	wr	0x42058e2c	0x43422800	0x434228fc	85
238911	0x6000e0c0	rd	0x42058e30	0x00000000	0x00000000	85
238912	0x6000e148	wr	0x42058e48	0x00000000	0x00000000	85
238913	0x6000e0c4	rd	0x42058e4c	0x43422800	0x434228fc	85
238914	0x6000e0c4	wr	0x42058e54	0x43422a00	0x43422afc	85
238915	0x6000e0c4	rd	0x42058e58	0x43422a00	0x43422afc	85
238916	0x6000e0c4	wr	0x42058e60	0x43422800	0x434228fc	85
239938	0x6000607c	rd	0x4003c262	0xe0001800	0xf8001800	2
239939	0x6000607c	wr	0x4003c26e	0xf8001800	0xf8001800	2
239940	0x6001c13c	rd	0x4003c316	0x00000000	0x01300000	2
239941	0x6001c13c	wr	0x4003c328	0x01300000	0x01300000	2
239942	0x6001c094	rd	0x4003c32c	0x00000000	0x00000124	2
239943	0x6001c094	wr	0x4003c33e	0x00000124	0x00000124	2
239944	0x6001c0a4	wr	0x4003c34a	0x0027a346	0x0027a346	2
239945	0x6001c02c	rd	0x4003c34e	0x00000000	0x32004f00	2
239946	0x6001c02c	wr	0x4003c36a	0x32804f00	0x32804f00	2
239947	0x6001c02c	rd	0x4003c36c	0x32804f00	0x32804f00	2
239948	0x6001c02c	wr	0x4003c376	0x32004f00	0x32004f00	2
239949	0x6001c05c	rd	0x4003c378	0x00000000	0xd1080800	2
239950	0x6001c05c	wr	0x4003c388	0x00000bb8	0xd1080bb8	2
239951	0x6001c064	wr	0x4003ab78	0x16202b38	0x4a4a4a4a	2
239952	0x6001c114	wr	0x4003ab7a	0x16202b38	0x4a4a4a4a	2
239953	0x6001cc48	wr	0x4003c398	0x170433af	0x170433af	2
239954	0x6001d03c	rd	0x4003c3c0	0x00000000	0x400000aa	2
239955	0x6001d03c	wr	0x4003c3d2	0x400000aa	0x400000aa	2
239956	0x6001d040	rd	0x4003c3d4	0x00000000	0x80000000	2
239957	0x6001d040	wr	0x4003c3dc	0x80000000	0x80000000	2
239958	0x6001d000	rd	0x403885b4	0x00000000	0x0000a000	2
239959	0x6001d000	wr	0x403885c4	0x0000a000	0x0000a000	2
239960	0x600060f8	rd	0x403885ca	0x00000000	0x00009600	2
239961	0x600060f8	wr	0x403885de	0x00009600	0x00009600	2
239962	0x6001d06c	rd	0x403885e2	0x00000000	0x0782a094	2
239963	0x6001d06c	wr	0x403885f0	0x0782a094	0x0782a094	2
239964	0x6001c400	rd	0x403885f2	0x00000000	0x00000000	2
239965	0x6001c400	wr	0x403885fe	0x00000000	0x00000000	2
239966	0x6001ccb8	rd	0x4003a3d8	0x00000000	0x20000000	2
239967	0x6001ccb8	wr	0x4003a3e8	0x20000000	0x20000000	2
239968	0x6001c85c	rd	0x4003a3ec	0x00000000	0x00000000	2
239969	0x6001c85c	wr	0x4003a3f2	0x00000000	0x00000000	2
239996	0x6001c018	rd	0x4003bf8e	0x00000000	0x10800000	2
239997	0x6001c018	wr	0x4003bf96	0x00800000	0x10800000	2
239998	0x6001c018	rd	0x4003bf98	0x00800000	0x10800000	2
239999	0x6001c018	wr	0x4003bfa0	0x10800000	0x10800000	2
240000	0x6001d044	rd	0x4003bfa6	0x00000000	0x00000001	2
240001	0x6001d044	wr	0x4003bfac	0x00000001	0x00000001	2
240002	0x6001d050	rd	0x4003bfae	0x00000000	0x00000001	2
240003	0x6001d050	wr	0x4003bfb4	0x00000001	0x00000001	2
240004	0x6001c11c	rd	0x4003b710	0x00000000	0x00000000	2
240005	0x6001c11c	wr	0x4003b71c	0x00000000	0x00000000	2
240006	0x6001c030	rd	0x4003b720	0x00000000	0x0001a000	2
240007	0x6001c030	wr	0x4003b730	0x0001a000	0x0001a000	2
240008	0x6001c120	rd	0x4003b732	0x00000000	0x1e001e00	2
240009	0x6001c120	wr	0x4003b74a	0x1e001e00	0x1e001e00	2
240012	0x60006100	rd	0x4003abd8	0x00000000	0x02c00000	2
240013	0x60006100	wr	0x4003abde	0x00400000	0x02c00000	2
240014	0x60006100	rd	0x4003abe2	0x00400000	0x02c00000	2
240015	0x60006100	wr	0x4003abec	0x02400000	0x02c00000	2
240016	0x60006100	rd	0x4003abf0	0x02400000	0x02c00000	2
240017	0x60006100	wr	0x4003ac02	0x02c00000	0x02c00000	2
240024	0x6001c030	rd	0x4003b88a	0x0001a000	0x0001a000	2
240025	0x6001c030	wr	0x4003b890	0x0001a000	0x0001a000	2
240026	0x6001c02c	rd	0x4003b892	0x32004f00	0x32004f00	2
240027	0x6001c02c	wr	0x4003b8a4	0x3e804f00	0x3e804f00	2
240028	0x6001c02c	rd	0x4003b8a6	0x3e804f00	0x3e804f00	2
240029	0x6001c02c	wr	0x4003b8b0	0x3e004f00	0x3e004f00	2
240030	0x6001c068	wr	0x4205755a	0x00000404	0x00000404	1
240031	0x6001c05c	rd	0x4205755c	0x00000bb8	0x00000bb8	1
240032	0x6001c05c	wr	0x42057566	0x00000bb8	0x00000bb8	1
240033	0x6001c05c	rd	0x42057568	0x00000bb8	0x00000bb8	1
240034	0x6001c05c	wr	0x42057574	0x00000400	0x00000400	1
240084	0x60006104	rd	0x42056106	0x0001400d	0x00010805	113
240085	0x6001c02c	rd	0x42056116	0x3e004f00	0x46004f00	113
240086	0x6001c02c	wr	0x42056128	0x46004f00	0x46004f00	113
240087	0x6001c02c	rd	0x4205612a	0x46004f00	0x46004f00	113
240088	0x6001c02c	wr	0x42056134	0x46804f00	0x46804f00	113
240089	0x6001c02c	rd	0x4205613e	0x46804f00	0x46804f00	113
240090	0x6001c02c	wr	0x42056148	0x46004f00	0x46004f00	113
240091	0x6001c08c	rd	0x420575d0	0x00000000	0x00000000	100
240196	0x6001c02c	rd	0x420536ea	0x46004f00	0x46004f00	3
240197	0x6001c02c	wr	0x420536fa	0x32004f00	0x32004f00	3
240198	0x6001c02c	rd	0x420536fc	0x32004f00	0x32004f00	3
240199	0x6001c02c	wr	0x42053706	0x32804f00	0x32804f00	3
240200	0x6001c02c	rd	0x42053710	0x32804f00	0x32804f00	3
240201	0x6001c02c	wr	0x4205371a	0x32004f00	0x32004f00	3
242100	0x60006110	rd	0x42054fe6	0x01000000	0x01000000	2
242101	0x60006110	wr	0x42054ffe	0x01004000	0x01004000	2
242102	0x60006110	rd	0x42055002	0x01004000	0x01004000	2
242103	0x60006110	wr	0x4205500e	0x0100c000	0x0100c000	2
242139	0x6000607c	rd	0x42055054	0xf8001800	0xf8001800	2
242140	0x6000607c	wr	0x4205505e	0xf0001800	0xf0001800	2
242283	0x6000611c	rd	0x4003943a	0x00000000	0x00000000	50
242300	0x60006140	rd	0x4205615c	0x00000000	0x04000000	112
242301	0x60006140	wr	0x4205617c	0x04000000	0x04000000	112
242302	0x60006144	rd	0x42056180	0x00000000	0x00102000	112
242303	0x60006144	wr	0x42056192	0x00100000	0x00102000	112
242304	0x60006144	rd	0x4205619a	0x00100000	0x00102000	112
242305	0x60006144	wr	0x420561ac	0x00102000	0x00102000	112
242306	0x60006144	rd	0x420561b0	0x00102000	0x00102000	112
242307	0x60006144	wr	0x420561be	0x00102001	0x00102001	112
242308	0x60006144	rd	0x420561ca	0x00102001	0x00102001	112
242309	0x60006144	wr	0x420561d2	0x00102003	0x00102003	112
242317	0x60006174	rd	0x420561ec	0x00010000	0x00010000	112
242318	0x6000615c	rd	0x40039eba	0x00000000	0x00000000	96
242319	0x60006160	rd	0x40039ecc	0x00000000	0x00000000	96
242320	0x60006164	rd	0x40039ede	0x00000000	0x00000000	96
242321	0x60006144	rd	0x40039e76	0x00102003	0x00102003	112
242322	0x60006144	wr	0x40039e80	0x00102001	0x00102001	112
242323	0x60006144	rd	0x40039e88	0x00102001	0x00102001	112
242324	0x60006144	wr	0x40039e90	0x00102000	0x00102000	112
243207	0x60006110	rd	0x420550be	0x01000000	0x01000000	2
243208	0x60006110	wr	0x420550c8	0x01000000	0x01000000	2
245205	0x6000607c	rd	0x42056ee8	0xf0001800	0xf0001800	1
245206	0x6000607c	wr	0x42056ef0	0xf8001800	0xf8001800	1
245207	0x6000607c	rd	0x42056ef2	0xf8001800	0xf8001800	1
245208	0x6000607c	wr	0x42056efc	0xe8001800	0xe8001800	1
245209	0x6000607c	rd	0x42056efe	0xe8001800	0xe8001800	1
245210	0x6000607c	wr	0x42056f06	0xe8000800	0xe8000800	1
245362	0x60006164	rd	0x42056fde	0x00000000	0x00000000	8
245851	0x6000607c	rd	0x4205648a	0xe8000800	0xe8000800	4
245852	0x6000607c	wr	0x4205649a	0xe8000800	0xe8000800	4
245853	0x6000607c	rd	0x4205649c	0xe8000800	0xe8000800	4
245854	0x6000607c	wr	0x420564a8	0xe8000800	0xe8000800	4
245868	0x6000607c	rd	0x42055d8a	0xe8000800	0xe8000800	12
245869	0x6000607c	wr	0x42055da4	0xe8000800	0xe8000800	12
245870	0x6000607c	rd	0x42055db8	0xe8000800	0xe8000800	12
245871	0x6000607c	wr	0x42055dce	0xe8000800	0xe8000800	12
245890	0x60006148	rd	0x42056228	0x00000000	0x00000000	8
245891	0x60006154	rd	0x42056230	0x00000000	0x00000000	8
245892	0x60006150	rd	0x42056234	0x00000000	0x00000000	8
245893	0x6000614c	rd	0x42056238	0x00000000	0x00000000	8
246855	0x6000607c	rd	0x420570ee	0xe8000800	0xe8000800	1
246856	0x6000607c	wr	0x420570f8	0xf8000800	0xf8000800	1
246857	0x6000607c	rd	0x420570fa	0xf8000800	0xf8000800	1
246858	0x6000607c	wr	0x42057102	0xf8001800	0xf8001800	1
251322	0x6001c02c	rd	0x4205530e	0x32004f00	0x32004f00	1
251323	0x6001c02c	wr	0x42055322	0x32004f00	0x32004f00	1
251324	0x6001c13c	rd	0x42055328	0x01300000	0x01300000	1
251325	0x6001c13c	wr	0x4205534c	0x01300000	0x01300000	1
251326	0x6001c0d0	rd	0x42055350	0x00000000	0x00000000	1
251327	0x6001c0d0	wr	0x42055362	0x00a00000	0x00a00000	1
251330	0x6001c0a4	rd	0x42055384	0x0027a346	0x0027a346	1
251331	0x6001c0a4	wr	0x4205539c	0x0027a346	0x0027a346	1
251332	0x6000607c	rd	0x420553a4	0xf0001800	0xf0001800	1
251333	0x6000607c	wr	0x420553ae	0xf0001800	0xf0001800	1
251334	0x6000607c	rd	0x420553b0	0xf0001800	0xf0001800	1
251335	0x6000607c	wr	0x420553b8	0xf0001800	0xf0001800	1
251336	0x6000607c	rd	0x420553ba	0xf0001800	0xf0001800	1
251337	0x6000607c	wr	0x420553be	0xf8001800	0xf8001800	1
251338	0x6000607c	rd	0x420553c0	0xf8001800	0xf8001800	1
251339	0x6000607c	wr	0x420553c8	0xf8001800	0xf8001800	1
251340	0x6001c068	wr	0x420560e2	0x00000404	0x00000404	1
251341	0x6001c05c	rd	0x420560e4	0x00000400	0x00000400	1
251342	0x6001c05c	wr	0x420560ec	0xd1080400	0xd1080400	1
251343	0x6001c05c	rd	0x420560ee	0xd1080400	0xd1080400	1
251344	0x6001c05c	wr	0x420560fe	0xd1080800	0xd1080800	1
251431	0x6001c044	rd	0x403886b2	0x00000000	0x00000000	1
251432	0x6001c044	wr	0x403886be	0x003f0000	0x003f0000	1
251433	0x6001c044	rd	0x403886c0	0x003f0000	0x003f0000	1
251434	0x6001c044	wr	0x403886d2	0x003f2100	0x003f2100	1
251435	0x6001c124	rd	0x403886d4	0x00000000	0x00000000	1
251436	0x6001c124	wr	0x403886e8	0x00008400	0x00008400	1
251437	0x6001c124	rd	0x403886ec	0x00008400	0x00008400	1
251438	0x6001c124	wr	0x403886fc	0x00008403	0x00008403	1
251439	0x6001c804	rd	0x40388700	0x00000000	0x00000000	1
251440	0x6001c804	wr	0x4038870c	0x00009000	0x00009000	1
251441	0x6001c104	rd	0x40388710	0x00000000	0x00000000	1
251442	0x6001c104	wr	0x40388720	0x000001c8	0x000001c8	1
251447	0x6001c1b0	rd	0x4038861a	0x00000000	0x00000000	1
251448	0x6001c1b0	wr	0x4038862c	0x03c00000	0x03c00000	1
251449	0x6001c034	rd	0x40388630	0x00000000	0x00000000	1
251450	0x6001c034	wr	0x4038863e	0x00000020	0x00000020	1
251451	0x6001c068	rd	0x40388640	0x00000404	0x00000404	1
251452	0x6001c068	wr	0x4038864a	0x00000404	0x00000404	1
251453	0x6001c05c	rd	0x4038864c	0xd1080bb8	0xd1080bb8	1
251454	0x6001c05c	wr	0x4038865c	0xd1084e20	0xd1084e20	1
251455	0x6001c13c	rd	0x40388662	0x01300000	0x01300000	1
251456	0x6001c13c	wr	0x40388676	0x01300000	0x01300000	1
251457	0x6001c094	rd	0x4038867e	0x00000124	0x00000124	1
251458	0x6001c094	wr	0x40388690	0x00000130	0x00000130	1
251459	0x6001c0a4	wr	0x403886a6	0x0027a54a	0x0027a54a	1
251466	0x6001c01c	rd	0x40388ad4	0x00000000	0x00000000	1
251467	0x6001c01c	wr	0x40388ae4	0x007f0000	0x007f0000	1
251468	0x6001c034	rd	0x40388ae6	0x00000020	0x00000020	1
251469	0x6001c034	wr	0x40388aec	0x000000a0	0x000000a0	1
251470	0x6001c080	rd	0x40388aee	0x00000000	0x00000000	1
251471	0x6001c080	wr	0x40388af6	0x00000001	0x00000001	1
251472	0x60006110	rd	0x42056070	0x01000000	0x01000a00	2
251473	0x60006110	wr	0x4205608c	0x01000800	0x01000800	1
251474	0x60006110	rd	0x4205609a	0x01000800	0x01000800	1
251475	0x60006110	wr	0x420560a8	0x01000a00	0x01000000	2
251537	0x60006100	rd	0x400396fc	0x02c00000	0x02c00000	2
251538	0x60006100	wr	0x40039706	0x02c00000	0x02c00000	2
251539	0x60006100	rd	0x4003970a	0x02c00000	0x02c00000	2
251540	0x60006100	wr	0x40039716	0x02c00000	0x02c00000	2
251541	0x60006100	rd	0x40039722	0x02c00000	0x02c00000	2
251542	0x60006100	wr	0x4003974c	0x02c00000	0x02c00000	2
251543	0x60006100	rd	0x40039750	0x02c00000	0x02c00000	2
251544	0x60006100	wr	0x40039746	0x02c00000	0x02c00000	2
251545	0x6001d014	rd	0x4003befa	0x00000000	0x00000000	2
251546	0x6001d014	wr	0x4003bf02	0x00000000	0x00000000	2
251547	0x6001d018	rd	0x4003bf0e	0x00000000	0x00000000	2
251548	0x6001d018	wr	0x4003bf16	0x00000000	0x00000000	2
251549	0x6001cc48	rd	0x4003beb2	0x170433af	0x170428c2	2
251550	0x6001cc48	rd	0x4003beb6	0x170433af	0x170428c2	2
251551	0x6001cc48	wr	0x4003beea	0x170428c2	0x170428c2	2
251701	0x6001c02c	rd	0x4003c41e	0x3e004f00	0x3e004f00	1
251702	0x6001c02c	wr	0x4003c42c	0x3e004ff0	0x3e004ff0	1
251703	0x6001c0a0	rd	0x4003c42e	0x00000000	0x00000000	1
251704	0x6001c0a0	wr	0x4003c43e	0xf0000000	0xf0000000	1
251705	0x6001c0d0	rd	0x4003c44c	0x00a00000	0x00a00000	1
251706	0x6001c0d0	wr	0x4003c464	0x00a00a00	0x00a00a00	1
251707	0x6001c134	rd	0x42055f4a	0x00000000	0x00000000	1
251708	0x6001c134	wr	0x42055f5c	0x00000a60	0x00000a60	1
251789	0x60006024	wr	0x40388546	0xf6ecf0f0	0xf6ecf0f0	1
251790	0x60006028	wr	0x4038854a	0xf2f6f2f6	0xf2f6f2f6	1
251791	0x6000602c	wr	0x4038854e	0xf2f6eef2	0xf2f6eef2	1
251792	0x60006030	wr	0x40388570	0xeeeeeef2	0xeeeeeef2	1
251794	0x60006110	wr	0x420560c4	0x01000200	0x01000200	1
251795	0x60006110	rd	0x420560d2	0x01000200	0x01000200	1
251797	0x6001c080	rd	0x40388b00	0x00000001	0x00000001	1
251798	0x6001c080	wr	0x40388b0c	0x00000000	0x00000000	1
251799	0x6001c01c	rd	0x40388b10	0x007f0000	0x007f0000	1
251800	0x6001c01c	wr	0x40388b1a	0x00200000	0x00200000	1
251801	0x6001c034	rd	0x40388b1c	0x000000a0	0x000000a0	1
251802	0x6001c034	wr	0x40388b22	0x000000a0	0x000000a0	1
251805	0x6000e060	rd	0x42010942	0x00ff38da	0x00ff38da	1
251806	0x6000e060	wr	0x42010948	0x00ff385a	0x00ff385a	1
251885	0x6001cd0c	wr	0x42052ab6	0x00000017	0x00000017	1
251895	0x6000e0c4	rd	0x403882d2	0x4342287c	0x4342287c	1
251896	0x6000e0c4	wr	0x403882de	0x4142287c	0x4142287c	1
265285	0x6000e0c4	rd	0x420597e4	0x4142287c	0x4142287c	1
265286	0x6000e0c4	wr	0x420597f2	0x4342287c	0x4342287c	1
265333	0x6001c084	rd	0x42059024	0x00000000	0x00000000	1
265334	0x6001c084	wr	0x42059038	0x00188000	0x00188000	1
265337	0x6001c084	rd	0x42059056	0x00188000	0x00188000	1
265338	0x6001c084	wr	0x4205906a	0x00189e00	0x00189e00	1
265341	0x6001c058	rd	0x42059084	0x00000000	0x00000000	1
265342	0x6001c058	wr	0x4205908a	0x00000000	0x00000000	1
265345	0x6001c090	rd	0x4205909c	0x00000000	0x00000000	1
265346	0x6001c090	wr	0x420590ae	0xd8000000	0xd8000000	1
265349	0x6001c090	rd	0x420590ca	0xd8000000	0xd8000000	1
265350	0x6001c090	wr	0x420590dc	0xd8a00000	0xd8a00000	1
265353	0x6001c1a0	rd	0x420590f6	0x00000000	0x00000000	1
265354	0x6001c1a0	wr	0x4205910a	0x0000000c	0x0000000c	1
265357	0x6001c1a0	rd	0x4205911a	0x0000000c	0x0000000c	1
265358	0x6001c1a0	wr	0x42059126	0x00000c4c	0x00000c4c	1
265361	0x6001c080	rd	0x42059148	0x00000000	0x00000000	1
265362	0x6001c080	wr	0x42059160	0x0001c800	0x0001c800	1
265365	0x6001c144	rd	0x42059180	0x00000000	0x00000000	1
265366	0x6001c144	wr	0x42059192	0x000001c8	0x000001c8	1
265369	0x6001c0d0	rd	0x420591ae	0x00a00a00	0x00a00a00	1
265370	0x6001c0d0	wr	0x420591ba	0x00a00bc8	0x00a00bc8	1
265373	0x6001c144	rd	0x420591da	0x000001c8	0x000001c8	1
265374	0x6001c144	wr	0x420591f6	0x000391c8	0x000391c8	1
265381	0x6001c080	rd	0x42059236	0x0001c800	0x0001c800	1
265382	0x6001c080	wr	0x4205924c	0x0019c800	0x0019c800	1
265385	0x6001c144	rd	0x4205926c	0x000391c8	0x000391c8	1
265386	0x6001c144	wr	0x42059280	0x003391c8	0x003391c8	1
265389	0x6001c1a4	rd	0x42059294	0x00000000	0x00000000	1
265390	0x6001c1a4	wr	0x420592a0	0x000001c8	0x000001c8	1
265393	0x6001c1a4	rd	0x420592b2	0x000001c8	0x000001c8	1
265394	0x6001c1a4	wr	0x420592ba	0x000391c8	0x000391c8	1
265397	0x6001c1a0	rd	0x420592d4	0x00000c4c	0x00000c4c	1
265398	0x6001c1a0	wr	0x420592e6	0x001a0c4c	0x001a0c4c	1
265401	0x6001c07c	rd	0x42059304	0x00000000	0x00000000	1
265402	0x6001c07c	wr	0x42059316	0x03000000	0x03000000	1
265407	0x6001c080	rd	0x4205933a	0x0019c800	0x0019c800	1
265408	0x6001c080	wr	0x42059346	0x0019c808	0x0019c808	1
265409	0x6001c094	rd	0x420593f6	0x00000130	0x00000130	1
265410	0x6001c094	wr	0x4205940a	0x00000131	0x00000131	1
265419	0x6001c0a4	rd	0x42059442	0x0027a54a	0x0027a54a	1
265420	0x6001c0a4	rd	0x42059446	0x0027a54a	0x0027a54a	1
265441	0x6001c07c	rd	0x420594b6	0x03000000	0x039c0000	3
265442	0x6001c07c	wr	0x420594ce	0x039c0000	0x039c0000	3
265445	0x6001c1a0	rd	0x420594e8	0x001a0c4c	0x125a0c4c	3
265446	0x6001c1a0	wr	0x420594fc	0x125a0c4c	0x125a0c4c	3
265449	0x6001c080	rd	0x42058e90	0x0019c808	0x0019c808	1
265450	0x6001c080	wr	0x42058ea2	0x4019c808	0x4019c808	1
265453	0x6001c084	rd	0x42058ec2	0x00189e00	0x00189e00	1
265454	0x6001c084	wr	0x42058ece	0x00189e00	0x00189e00	1
265484	0x600060fc	rd	0x4205980c	0x1e1ec800	0x1e1ec800	1
265485	0x600060fc	wr	0x42059820	0x1e1ec800	0x1e1ec800	1
265486	0x6000e0c4	rd	0x42059824	0x4342287c	0x4342287c	1
265487	0x6000e0c4	wr	0x42059830	0x4142287c	0x4142287c	1
265687	0x6001c0a4	rd	0x420599a0	0x0027a54a	0x0027a54a	2
313076	0x6001c080	rd	0x42059850	0x4019c808	0x4019c808	1
313077	0x6001c080	wr	0x42059860	0x4019c808	0x4019c808	1
